"ID","COI","result","measure","trust"
1,"no COI","pro","study",4
1,"no COI","pro","authors",4
1,"no COI","pro","journal",4
1,"no COI","pro","company",4
1,"no COI","pro","replicability",30
2,"COI","con","study",4
2,"COI","con","authors",4
2,"COI","con","journal",4
2,"COI","con","company",4
2,"COI","con","replicability",80
3,"no COI","con","study",5
3,"no COI","con","authors",6
3,"no COI","con","journal",5
3,"no COI","con","company",4
3,"no COI","con","replicability",80
4,"COI","pro","study",5
4,"COI","pro","authors",5
4,"COI","pro","journal",5
4,"COI","pro","company",4
4,"COI","pro","replicability",85
5,"COI","pro","study",5
5,"COI","pro","authors",4
5,"COI","pro","journal",5
5,"COI","pro","company",4
5,"COI","pro","replicability",54
6,"COI","con","study",6
6,"COI","con","authors",5
6,"COI","con","journal",4
6,"COI","con","company",4
6,"COI","con","replicability",80
7,"no COI","con","study",4
7,"no COI","con","authors",4
7,"no COI","con","journal",4
7,"no COI","con","company",5
7,"no COI","con","replicability",40
8,"no COI","pro","study",5
8,"no COI","pro","authors",5
8,"no COI","pro","journal",5
8,"no COI","pro","company",5
8,"no COI","pro","replicability",70
9,"no COI","pro","study",5
9,"no COI","pro","authors",4
9,"no COI","pro","journal",4
9,"no COI","pro","company",4
9,"no COI","pro","replicability",50
10,"no COI","con","study",4
10,"no COI","con","authors",4
10,"no COI","con","journal",4
10,"no COI","con","company",4
10,"no COI","con","replicability",60
11,"COI","con","study",5
11,"COI","con","authors",5
11,"COI","con","journal",6
11,"COI","con","company",5
11,"COI","con","replicability",70
12,"COI","pro","study",5
12,"COI","pro","authors",5
12,"COI","pro","journal",5
12,"COI","pro","company",5
12,"COI","pro","replicability",70
13,"COI","pro","study",6
13,"COI","pro","authors",6
13,"COI","pro","journal",5
13,"COI","pro","company",5
13,"COI","pro","replicability",50
14,"no COI","pro","study",5
14,"no COI","pro","authors",6
14,"no COI","pro","journal",5
14,"no COI","pro","company",5
14,"no COI","pro","replicability",75
15,"no COI","con","study",5
15,"no COI","con","authors",5
15,"no COI","con","journal",5
15,"no COI","con","company",5
15,"no COI","con","replicability",45
16,"no COI","pro","study",6
16,"no COI","pro","authors",6
16,"no COI","pro","journal",6
16,"no COI","pro","company",6
16,"no COI","pro","replicability",75
17,"COI","pro","study",2
17,"COI","pro","authors",2
17,"COI","pro","journal",2
17,"COI","pro","company",2
17,"COI","pro","replicability",60
18,"no COI","con","study",5
18,"no COI","con","authors",5
18,"no COI","con","journal",5
18,"no COI","con","company",5
18,"no COI","con","replicability",50
19,"no COI","con","study",6
19,"no COI","con","authors",6
19,"no COI","con","journal",6
19,"no COI","con","company",4
19,"no COI","con","replicability",75
20,"COI","con","study",6
20,"COI","con","authors",7
20,"COI","con","journal",6
20,"COI","con","company",6
20,"COI","con","replicability",100
21,"no COI","pro","study",4
21,"no COI","pro","authors",4
21,"no COI","pro","journal",4
21,"no COI","pro","company",4
21,"no COI","pro","replicability",55
22,"COI","con","study",6
22,"COI","con","authors",6
22,"COI","con","journal",6
22,"COI","con","company",6
22,"COI","con","replicability",95
23,"COI","pro","study",6
23,"COI","pro","authors",6
23,"COI","pro","journal",6
23,"COI","pro","company",5
23,"COI","pro","replicability",15
24,"no COI","pro","study",5
24,"no COI","pro","authors",4
24,"no COI","pro","journal",4
24,"no COI","pro","company",4
24,"no COI","pro","replicability",50
25,"COI","pro","study",6
25,"COI","pro","authors",6
25,"COI","pro","journal",6
25,"COI","pro","company",6
25,"COI","pro","replicability",50
26,"no COI","con","study",5
26,"no COI","con","authors",5
26,"no COI","con","journal",5
26,"no COI","con","company",5
26,"no COI","con","replicability",75
27,"COI","con","study",6
27,"COI","con","authors",4
27,"COI","con","journal",4
27,"COI","con","company",3
27,"COI","con","replicability",75
28,"no COI","con","study",6
28,"no COI","con","authors",6
28,"no COI","con","journal",6
28,"no COI","con","company",5
28,"no COI","con","replicability",75
29,"COI","con","study",5
29,"COI","con","authors",5
29,"COI","con","journal",4
29,"COI","con","company",5
29,"COI","con","replicability",99
30,"no COI","con","study",7
30,"no COI","con","authors",7
30,"no COI","con","journal",7
30,"no COI","con","company",7
30,"no COI","con","replicability",90
31,"COI","pro","study",3
31,"COI","pro","authors",3
31,"COI","pro","journal",5
31,"COI","pro","company",3
31,"COI","pro","replicability",40
32,"COI","con","study",4
32,"COI","con","authors",4
32,"COI","con","journal",4
32,"COI","con","company",4
32,"COI","con","replicability",75
33,"no COI","con","study",6
33,"no COI","con","authors",6
33,"no COI","con","journal",6
33,"no COI","con","company",4
33,"no COI","con","replicability",70
34,"COI","pro","study",6
34,"COI","pro","authors",6
34,"COI","pro","journal",6
34,"COI","pro","company",6
34,"COI","pro","replicability",90
35,"no COI","pro","study",5
35,"no COI","pro","authors",4
35,"no COI","pro","journal",5
35,"no COI","pro","company",4
35,"no COI","pro","replicability",70
36,"no COI","con","study",6
36,"no COI","con","authors",6
36,"no COI","con","journal",6
36,"no COI","con","company",6
36,"no COI","con","replicability",80
37,"no COI","pro","study",6
37,"no COI","pro","authors",6
37,"no COI","pro","journal",6
37,"no COI","pro","company",7
37,"no COI","pro","replicability",100
38,"COI","con","study",6
38,"COI","con","authors",6
38,"COI","con","journal",6
38,"COI","con","company",5
38,"COI","con","replicability",80
39,"COI","pro","study",5
39,"COI","pro","authors",4
39,"COI","pro","journal",5
39,"COI","pro","company",4
39,"COI","pro","replicability",60
40,"COI","con","study",6
40,"COI","con","authors",6
40,"COI","con","journal",6
40,"COI","con","company",6
40,"COI","con","replicability",95
41,"no COI","pro","study",4
41,"no COI","pro","authors",4
41,"no COI","pro","journal",5
41,"no COI","pro","company",4
41,"no COI","pro","replicability",70
42,"no COI","pro","study",5
42,"no COI","pro","authors",5
42,"no COI","pro","journal",5
42,"no COI","pro","company",5
42,"no COI","pro","replicability",70
43,"no COI","pro","study",5
43,"no COI","pro","authors",6
43,"no COI","pro","journal",4
43,"no COI","pro","company",4
43,"no COI","pro","replicability",75
44,"COI","con","study",5
44,"COI","con","authors",5
44,"COI","con","journal",5
44,"COI","con","company",5
44,"COI","con","replicability",70
45,"no COI","con","study",6
45,"no COI","con","authors",6
45,"no COI","con","journal",6
45,"no COI","con","company",6
45,"no COI","con","replicability",80
46,"no COI","con","study",5
46,"no COI","con","authors",4
46,"no COI","con","journal",5
46,"no COI","con","company",2
46,"no COI","con","replicability",50
47,"no COI","pro","study",6
47,"no COI","pro","authors",5
47,"no COI","pro","journal",5
47,"no COI","pro","company",6
47,"no COI","pro","replicability",95
48,"COI","pro","study",3
48,"COI","pro","authors",4
48,"COI","pro","journal",4
48,"COI","pro","company",4
48,"COI","pro","replicability",50
49,"no COI","con","study",6
49,"no COI","con","authors",6
49,"no COI","con","journal",7
49,"no COI","con","company",5
49,"no COI","con","replicability",95
50,"COI","pro","study",3
50,"COI","pro","authors",4
50,"COI","pro","journal",4
50,"COI","pro","company",4
50,"COI","pro","replicability",60
51,"COI","pro","study",4
51,"COI","pro","authors",5
51,"COI","pro","journal",5
51,"COI","pro","company",5
51,"COI","pro","replicability",75
52,"no COI","pro","study",6
52,"no COI","pro","authors",6
52,"no COI","pro","journal",6
52,"no COI","pro","company",5
52,"no COI","pro","replicability",50
53,"no COI","pro","study",7
53,"no COI","pro","authors",7
53,"no COI","pro","journal",6
53,"no COI","pro","company",6
53,"no COI","pro","replicability",95
54,"no COI","pro","study",5
54,"no COI","pro","authors",6
54,"no COI","pro","journal",6
54,"no COI","pro","company",5
54,"no COI","pro","replicability",80
55,"COI","con","study",2
55,"COI","con","authors",2
55,"COI","con","journal",3
55,"COI","con","company",3
55,"COI","con","replicability",50
56,"COI","con","study",6
56,"COI","con","authors",6
56,"COI","con","journal",6
56,"COI","con","company",6
56,"COI","con","replicability",90
57,"COI","con","study",6
57,"COI","con","authors",4
57,"COI","con","journal",6
57,"COI","con","company",5
57,"COI","con","replicability",80
58,"COI","pro","study",3
58,"COI","pro","authors",3
58,"COI","pro","journal",4
58,"COI","pro","company",4
58,"COI","pro","replicability",0
59,"COI","pro","study",5
59,"COI","pro","authors",7
59,"COI","pro","journal",6
59,"COI","pro","company",6
59,"COI","pro","replicability",65
60,"no COI","pro","study",4
60,"no COI","pro","authors",4
60,"no COI","pro","journal",5
60,"no COI","pro","company",4
60,"no COI","pro","replicability",60
61,"COI","pro","study",4
61,"COI","pro","authors",4
61,"COI","pro","journal",5
61,"COI","pro","company",4
61,"COI","pro","replicability",50
62,"COI","con","study",5
62,"COI","con","authors",5
62,"COI","con","journal",5
62,"COI","con","company",5
62,"COI","con","replicability",75
63,"no COI","con","study",5
63,"no COI","con","authors",4
63,"no COI","con","journal",4
63,"no COI","con","company",4
63,"no COI","con","replicability",60
64,"no COI","con","study",5
64,"no COI","con","authors",5
64,"no COI","con","journal",5
64,"no COI","con","company",5
64,"no COI","con","replicability",90
65,"no COI","con","study",6
65,"no COI","con","authors",6
65,"no COI","con","journal",6
65,"no COI","con","company",4
65,"no COI","con","replicability",70
66,"COI","pro","study",4
66,"COI","pro","authors",4
66,"COI","pro","journal",4
66,"COI","pro","company",4
66,"COI","pro","replicability",50
67,"no COI","pro","study",4
67,"no COI","pro","authors",4
67,"no COI","pro","journal",5
67,"no COI","pro","company",4
67,"no COI","pro","replicability",65
68,"COI","con","study",6
68,"COI","con","authors",6
68,"COI","con","journal",6
68,"COI","con","company",3
68,"COI","con","replicability",99
69,"no COI","pro","study",6
69,"no COI","pro","authors",6
69,"no COI","pro","journal",6
69,"no COI","pro","company",4
69,"no COI","pro","replicability",85
70,"COI","pro","study",3
70,"COI","pro","authors",3
70,"COI","pro","journal",3
70,"COI","pro","company",3
70,"COI","pro","replicability",50
71,"COI","con","study",7
71,"COI","con","authors",7
71,"COI","con","journal",6
71,"COI","con","company",5
71,"COI","con","replicability",80
72,"no COI","con","study",5
72,"no COI","con","authors",5
72,"no COI","con","journal",5
72,"no COI","con","company",5
72,"no COI","con","replicability",97
73,"COI","con","study",2
73,"COI","con","authors",4
73,"COI","con","journal",5
73,"COI","con","company",3
73,"COI","con","replicability",75
74,"COI","con","study",6
74,"COI","con","authors",4
74,"COI","con","journal",4
74,"COI","con","company",4
74,"COI","con","replicability",90
75,"COI","con","study",5
75,"COI","con","authors",5
75,"COI","con","journal",5
75,"COI","con","company",5
75,"COI","con","replicability",75
76,"COI","pro","study",6
76,"COI","pro","authors",6
76,"COI","pro","journal",6
76,"COI","pro","company",6
76,"COI","pro","replicability",80
77,"no COI","con","study",4
77,"no COI","con","authors",5
77,"no COI","con","journal",6
77,"no COI","con","company",4
77,"no COI","con","replicability",40
78,"no COI","con","study",6
78,"no COI","con","authors",6
78,"no COI","con","journal",6
78,"no COI","con","company",4
78,"no COI","con","replicability",85
79,"no COI","pro","study",5
79,"no COI","pro","authors",5
79,"no COI","pro","journal",5
79,"no COI","pro","company",5
79,"no COI","pro","replicability",80
80,"no COI","pro","study",5
80,"no COI","pro","authors",5
80,"no COI","pro","journal",5
80,"no COI","pro","company",6
80,"no COI","pro","replicability",75
81,"no COI","con","study",6
81,"no COI","con","authors",6
81,"no COI","con","journal",6
81,"no COI","con","company",4
81,"no COI","con","replicability",85
82,"no COI","con","study",6
82,"no COI","con","authors",6
82,"no COI","con","journal",6
82,"no COI","con","company",4
82,"no COI","con","replicability",70
83,"no COI","pro","study",4
83,"no COI","pro","authors",4
83,"no COI","pro","journal",4
83,"no COI","pro","company",4
83,"no COI","pro","replicability",40
84,"no COI","pro","study",5
84,"no COI","pro","authors",5
84,"no COI","pro","journal",5
84,"no COI","pro","company",5
84,"no COI","pro","replicability",60
85,"COI","con","study",6
85,"COI","con","authors",4
85,"COI","con","journal",6
85,"COI","con","company",6
85,"COI","con","replicability",90
86,"COI","pro","study",4
86,"COI","pro","authors",6
86,"COI","pro","journal",7
86,"COI","pro","company",3
86,"COI","pro","replicability",80
87,"COI","pro","study",3
87,"COI","pro","authors",5
87,"COI","pro","journal",6
87,"COI","pro","company",3
87,"COI","pro","replicability",60
88,"no COI","pro","study",5
88,"no COI","pro","authors",5
88,"no COI","pro","journal",5
88,"no COI","pro","company",5
88,"no COI","pro","replicability",60
89,"COI","con","study",5
89,"COI","con","authors",6
89,"COI","con","journal",4
89,"COI","con","company",3
89,"COI","con","replicability",70
90,"COI","con","study",5
90,"COI","con","authors",6
90,"COI","con","journal",5
90,"COI","con","company",5
90,"COI","con","replicability",90
91,"no COI","con","study",4
91,"no COI","con","authors",3
91,"no COI","con","journal",3
91,"no COI","con","company",3
91,"no COI","con","replicability",65
92,"no COI","con","study",5
92,"no COI","con","authors",5
92,"no COI","con","journal",5
92,"no COI","con","company",4
92,"no COI","con","replicability",50
93,"COI","con","study",7
93,"COI","con","authors",7
93,"COI","con","journal",7
93,"COI","con","company",7
93,"COI","con","replicability",80
94,"no COI","con","study",6
94,"no COI","con","authors",6
94,"no COI","con","journal",7
94,"no COI","con","company",7
94,"no COI","con","replicability",100
95,"no COI","pro","study",5
95,"no COI","pro","authors",5
95,"no COI","pro","journal",5
95,"no COI","pro","company",5
95,"no COI","pro","replicability",80
96,"COI","pro","study",2
96,"COI","pro","authors",3
96,"COI","pro","journal",3
96,"COI","pro","company",3
96,"COI","pro","replicability",50
97,"COI","pro","study",5
97,"COI","pro","authors",5
97,"COI","pro","journal",5
97,"COI","pro","company",5
97,"COI","pro","replicability",50
98,"COI","con","study",5
98,"COI","con","authors",5
98,"COI","con","journal",5
98,"COI","con","company",5
98,"COI","con","replicability",20
99,"COI","pro","study",6
99,"COI","pro","authors",6
99,"COI","pro","journal",6
99,"COI","pro","company",4
99,"COI","pro","replicability",80
100,"no COI","con","study",4
100,"no COI","con","authors",4
100,"no COI","con","journal",4
100,"no COI","con","company",4
100,"no COI","con","replicability",50
101,"no COI","con","study",6
101,"no COI","con","authors",6
101,"no COI","con","journal",6
101,"no COI","con","company",6
101,"no COI","con","replicability",85
102,"COI","con","study",6
102,"COI","con","authors",6
102,"COI","con","journal",6
102,"COI","con","company",6
102,"COI","con","replicability",80
103,"no COI","pro","study",5
103,"no COI","pro","authors",5
103,"no COI","pro","journal",5
103,"no COI","pro","company",5
103,"no COI","pro","replicability",70
104,"COI","pro","study",6
104,"COI","pro","authors",6
104,"COI","pro","journal",5
104,"COI","pro","company",5
104,"COI","pro","replicability",95
105,"no COI","pro","study",6
105,"no COI","pro","authors",6
105,"no COI","pro","journal",6
105,"no COI","pro","company",6
105,"no COI","pro","replicability",90
106,"COI","pro","study",6
106,"COI","pro","authors",6
106,"COI","pro","journal",6
106,"COI","pro","company",6
106,"COI","pro","replicability",75
107,"no COI","pro","study",5
107,"no COI","pro","authors",5
107,"no COI","pro","journal",5
107,"no COI","pro","company",5
107,"no COI","pro","replicability",100
108,"COI","pro","study",4
108,"COI","pro","authors",4
108,"COI","pro","journal",4
108,"COI","pro","company",4
108,"COI","pro","replicability",50
109,"COI","con","study",5
109,"COI","con","authors",5
109,"COI","con","journal",5
109,"COI","con","company",4
109,"COI","con","replicability",50
110,"no COI","pro","study",6
110,"no COI","pro","authors",6
110,"no COI","pro","journal",6
110,"no COI","pro","company",4
110,"no COI","pro","replicability",95
111,"COI","con","study",5
111,"COI","con","authors",5
111,"COI","con","journal",5
111,"COI","con","company",4
111,"COI","con","replicability",75
112,"COI","con","study",6
112,"COI","con","authors",6
112,"COI","con","journal",6
112,"COI","con","company",6
112,"COI","con","replicability",50
113,"no COI","con","study",4
113,"no COI","con","authors",5
113,"no COI","con","journal",5
113,"no COI","con","company",4
113,"no COI","con","replicability",60
114,"COI","con","study",4
114,"COI","con","authors",4
114,"COI","con","journal",4
114,"COI","con","company",4
114,"COI","con","replicability",99
115,"no COI","con","study",4
115,"no COI","con","authors",4
115,"no COI","con","journal",5
115,"no COI","con","company",3
115,"no COI","con","replicability",50
116,"COI","pro","study",4
116,"COI","pro","authors",4
116,"COI","pro","journal",4
116,"COI","pro","company",4
116,"COI","pro","replicability",50
117,"COI","pro","study",3
117,"COI","pro","authors",3
117,"COI","pro","journal",5
117,"COI","pro","company",5
117,"COI","pro","replicability",65
118,"no COI","con","study",6
118,"no COI","con","authors",6
118,"no COI","con","journal",7
118,"no COI","con","company",3
118,"no COI","con","replicability",90
119,"no COI","con","study",6
119,"no COI","con","authors",6
119,"no COI","con","journal",5
119,"no COI","con","company",5
119,"no COI","con","replicability",80
120,"COI","con","study",6
120,"COI","con","authors",6
120,"COI","con","journal",6
120,"COI","con","company",6
120,"COI","con","replicability",75
121,"no COI","con","study",4
121,"no COI","con","authors",4
121,"no COI","con","journal",4
121,"no COI","con","company",4
121,"no COI","con","replicability",50
122,"no COI","con","study",5
122,"no COI","con","authors",5
122,"no COI","con","journal",4
122,"no COI","con","company",5
122,"no COI","con","replicability",60
123,"COI","con","study",6
123,"COI","con","authors",6
123,"COI","con","journal",6
123,"COI","con","company",6
123,"COI","con","replicability",70
124,"no COI","pro","study",6
124,"no COI","pro","authors",6
124,"no COI","pro","journal",6
124,"no COI","pro","company",6
124,"no COI","pro","replicability",80
125,"COI","pro","study",6
125,"COI","pro","authors",7
125,"COI","pro","journal",6
125,"COI","pro","company",6
125,"COI","pro","replicability",90
126,"COI","con","study",6
126,"COI","con","authors",7
126,"COI","con","journal",5
126,"COI","con","company",5
126,"COI","con","replicability",90
127,"no COI","con","study",5
127,"no COI","con","authors",4
127,"no COI","con","journal",5
127,"no COI","con","company",2
127,"no COI","con","replicability",30
128,"no COI","pro","study",5
128,"no COI","pro","authors",5
128,"no COI","pro","journal",5
128,"no COI","pro","company",5
128,"no COI","pro","replicability",50
129,"COI","pro","study",3
129,"COI","pro","authors",3
129,"COI","pro","journal",3
129,"COI","pro","company",3
129,"COI","pro","replicability",50
130,"no COI","con","study",7
130,"no COI","con","authors",6
130,"no COI","con","journal",6
130,"no COI","con","company",6
130,"no COI","con","replicability",84
131,"COI","con","study",6
131,"COI","con","authors",6
131,"COI","con","journal",6
131,"COI","con","company",5
131,"COI","con","replicability",90
132,"no COI","con","study",5
132,"no COI","con","authors",5
132,"no COI","con","journal",6
132,"no COI","con","company",5
132,"no COI","con","replicability",60
133,"COI","con","study",5
133,"COI","con","authors",6
133,"COI","con","journal",6
133,"COI","con","company",6
133,"COI","con","replicability",85
134,"COI","pro","study",3
134,"COI","pro","authors",6
134,"COI","pro","journal",4
134,"COI","pro","company",5
134,"COI","pro","replicability",60
135,"no COI","con","study",6
135,"no COI","con","authors",6
135,"no COI","con","journal",6
135,"no COI","con","company",3
135,"no COI","con","replicability",90
136,"COI","con","study",5
136,"COI","con","authors",5
136,"COI","con","journal",5
136,"COI","con","company",3
136,"COI","con","replicability",80
137,"COI","pro","study",7
137,"COI","pro","authors",7
137,"COI","pro","journal",7
137,"COI","pro","company",7
137,"COI","pro","replicability",90
138,"COI","con","study",3
138,"COI","con","authors",3
138,"COI","con","journal",4
138,"COI","con","company",4
138,"COI","con","replicability",50
139,"no COI","pro","study",5
139,"no COI","pro","authors",6
139,"no COI","pro","journal",6
139,"no COI","pro","company",5
139,"no COI","pro","replicability",85
140,"no COI","pro","study",5
140,"no COI","pro","authors",5
140,"no COI","pro","journal",5
140,"no COI","pro","company",5
140,"no COI","pro","replicability",67
141,"COI","pro","study",5
141,"COI","pro","authors",6
141,"COI","pro","journal",5
141,"COI","pro","company",5
141,"COI","pro","replicability",95
142,"no COI","pro","study",6
142,"no COI","pro","authors",6
142,"no COI","pro","journal",6
142,"no COI","pro","company",5
142,"no COI","pro","replicability",50
143,"no COI","con","study",6
143,"no COI","con","authors",6
143,"no COI","con","journal",6
143,"no COI","con","company",2
143,"no COI","con","replicability",95
144,"no COI","con","study",5
144,"no COI","con","authors",6
144,"no COI","con","journal",6
144,"no COI","con","company",5
144,"no COI","con","replicability",85
145,"COI","pro","study",5
145,"COI","pro","authors",5
145,"COI","pro","journal",5
145,"COI","pro","company",5
145,"COI","pro","replicability",100
146,"COI","con","study",6
146,"COI","con","authors",6
146,"COI","con","journal",6
146,"COI","con","company",6
146,"COI","con","replicability",40
147,"COI","pro","study",5
147,"COI","pro","authors",3
147,"COI","pro","journal",4
147,"COI","pro","company",3
147,"COI","pro","replicability",60
148,"no COI","con","study",5
148,"no COI","con","authors",5
148,"no COI","con","journal",5
148,"no COI","con","company",5
148,"no COI","con","replicability",80
149,"no COI","pro","study",5
149,"no COI","pro","authors",5
149,"no COI","pro","journal",5
149,"no COI","pro","company",4
149,"no COI","pro","replicability",70
150,"no COI","pro","study",6
150,"no COI","pro","authors",6
150,"no COI","pro","journal",6
150,"no COI","pro","company",6
150,"no COI","pro","replicability",50
151,"COI","con","study",6
151,"COI","con","authors",6
151,"COI","con","journal",6
151,"COI","con","company",6
151,"COI","con","replicability",70
152,"COI","pro","study",5
152,"COI","pro","authors",5
152,"COI","pro","journal",5
152,"COI","pro","company",5
152,"COI","pro","replicability",80
153,"no COI","pro","study",6
153,"no COI","pro","authors",5
153,"no COI","pro","journal",5
153,"no COI","pro","company",5
153,"no COI","pro","replicability",70
154,"COI","con","study",5
154,"COI","con","authors",5
154,"COI","con","journal",5
154,"COI","con","company",5
154,"COI","con","replicability",70
155,"no COI","con","study",6
155,"no COI","con","authors",6
155,"no COI","con","journal",6
155,"no COI","con","company",4
155,"no COI","con","replicability",90
156,"no COI","pro","study",5
156,"no COI","pro","authors",5
156,"no COI","pro","journal",6
156,"no COI","pro","company",6
156,"no COI","pro","replicability",65
157,"no COI","pro","study",5
157,"no COI","pro","authors",5
157,"no COI","pro","journal",5
157,"no COI","pro","company",5
157,"no COI","pro","replicability",95
158,"COI","con","study",5
158,"COI","con","authors",5
158,"COI","con","journal",5
158,"COI","con","company",4
158,"COI","con","replicability",60
159,"no COI","con","study",5
159,"no COI","con","authors",6
159,"no COI","con","journal",6
159,"no COI","con","company",6
159,"no COI","con","replicability",80
160,"COI","con","study",6
160,"COI","con","authors",6
160,"COI","con","journal",6
160,"COI","con","company",4
160,"COI","con","replicability",80
161,"COI","con","study",5
161,"COI","con","authors",5
161,"COI","con","journal",6
161,"COI","con","company",5
161,"COI","con","replicability",80
162,"COI","pro","study",6
162,"COI","pro","authors",6
162,"COI","pro","journal",6
162,"COI","pro","company",6
162,"COI","pro","replicability",98
163,"no COI","pro","study",6
163,"no COI","pro","authors",5
163,"no COI","pro","journal",5
163,"no COI","pro","company",5
163,"no COI","pro","replicability",50
164,"COI","pro","study",6
164,"COI","pro","authors",6
164,"COI","pro","journal",5
164,"COI","pro","company",6
164,"COI","pro","replicability",60
165,"COI","con","study",5
165,"COI","con","authors",5
165,"COI","con","journal",5
165,"COI","con","company",4
165,"COI","con","replicability",80
166,"COI","pro","study",4
166,"COI","pro","authors",5
166,"COI","pro","journal",5
166,"COI","pro","company",5
166,"COI","pro","replicability",50
167,"COI","pro","study",4
167,"COI","pro","authors",5
167,"COI","pro","journal",5
167,"COI","pro","company",4
167,"COI","pro","replicability",60
168,"no COI","con","study",6
168,"no COI","con","authors",6
168,"no COI","con","journal",6
168,"no COI","con","company",6
168,"no COI","con","replicability",90
169,"COI","pro","study",3
169,"COI","pro","authors",4
169,"COI","pro","journal",4
169,"COI","pro","company",4
169,"COI","pro","replicability",100
170,"no COI","pro","study",5
170,"no COI","pro","authors",5
170,"no COI","pro","journal",6
170,"no COI","pro","company",4
170,"no COI","pro","replicability",50
171,"no COI","pro","study",6
171,"no COI","pro","authors",7
171,"no COI","pro","journal",6
171,"no COI","pro","company",6
171,"no COI","pro","replicability",80
172,"no COI","pro","study",5
172,"no COI","pro","authors",5
172,"no COI","pro","journal",5
172,"no COI","pro","company",5
172,"no COI","pro","replicability",80
173,"no COI","con","study",5
173,"no COI","con","authors",7
173,"no COI","con","journal",7
173,"no COI","con","company",7
173,"no COI","con","replicability",70
174,"COI","pro","study",3
174,"COI","pro","authors",2
174,"COI","pro","journal",3
174,"COI","pro","company",2
174,"COI","pro","replicability",40
175,"no COI","con","study",4
175,"no COI","con","authors",5
175,"no COI","con","journal",5
175,"no COI","con","company",4
175,"no COI","con","replicability",10
176,"no COI","con","study",6
176,"no COI","con","authors",6
176,"no COI","con","journal",6
176,"no COI","con","company",6
176,"no COI","con","replicability",100
177,"no COI","pro","study",5
177,"no COI","pro","authors",5
177,"no COI","pro","journal",5
177,"no COI","pro","company",5
177,"no COI","pro","replicability",50
178,"COI","con","study",5
178,"COI","con","authors",5
178,"COI","con","journal",5
178,"COI","con","company",4
178,"COI","con","replicability",80
179,"COI","pro","study",3
179,"COI","pro","authors",4
179,"COI","pro","journal",5
179,"COI","pro","company",5
179,"COI","pro","replicability",50
180,"no COI","pro","study",5
180,"no COI","pro","authors",5
180,"no COI","pro","journal",5
180,"no COI","pro","company",5
180,"no COI","pro","replicability",50
181,"COI","pro","study",3
181,"COI","pro","authors",4
181,"COI","pro","journal",4
181,"COI","pro","company",4
181,"COI","pro","replicability",20
182,"COI","pro","study",5
182,"COI","pro","authors",5
182,"COI","pro","journal",5
182,"COI","pro","company",5
182,"COI","pro","replicability",65
183,"no COI","con","study",4
183,"no COI","con","authors",4
183,"no COI","con","journal",5
183,"no COI","con","company",5
183,"no COI","con","replicability",85
184,"COI","con","study",7
184,"COI","con","authors",6
184,"COI","con","journal",7
184,"COI","con","company",5
184,"COI","con","replicability",80
185,"COI","pro","study",4
185,"COI","pro","authors",3
185,"COI","pro","journal",3
185,"COI","pro","company",5
185,"COI","pro","replicability",50
186,"COI","pro","study",4
186,"COI","pro","authors",4
186,"COI","pro","journal",5
186,"COI","pro","company",3
186,"COI","pro","replicability",50
187,"COI","pro","study",6
187,"COI","pro","authors",6
187,"COI","pro","journal",7
187,"COI","pro","company",5
187,"COI","pro","replicability",75
188,"COI","con","study",3
188,"COI","con","authors",4
188,"COI","con","journal",6
188,"COI","con","company",3
188,"COI","con","replicability",40
189,"no COI","con","study",6
189,"no COI","con","authors",6
189,"no COI","con","journal",6
189,"no COI","con","company",6
189,"no COI","con","replicability",100
190,"no COI","pro","study",6
190,"no COI","pro","authors",6
190,"no COI","pro","journal",5
190,"no COI","pro","company",6
190,"no COI","pro","replicability",80
191,"COI","pro","study",4
191,"COI","pro","authors",4
191,"COI","pro","journal",4
191,"COI","pro","company",4
191,"COI","pro","replicability",50
192,"no COI","pro","study",5
192,"no COI","pro","authors",5
192,"no COI","pro","journal",5
192,"no COI","pro","company",5
192,"no COI","pro","replicability",50
193,"COI","con","study",6
193,"COI","con","authors",6
193,"COI","con","journal",6
193,"COI","con","company",6
193,"COI","con","replicability",75
194,"no COI","pro","study",7
194,"no COI","pro","authors",7
194,"no COI","pro","journal",7
194,"no COI","pro","company",7
194,"no COI","pro","replicability",90
195,"COI","pro","study",5
195,"COI","pro","authors",5
195,"COI","pro","journal",5
195,"COI","pro","company",5
195,"COI","pro","replicability",50
196,"no COI","con","study",5
196,"no COI","con","authors",4
196,"no COI","con","journal",4
196,"no COI","con","company",3
196,"no COI","con","replicability",87
197,"COI","pro","study",5
197,"COI","pro","authors",5
197,"COI","pro","journal",4
197,"COI","pro","company",5
197,"COI","pro","replicability",80
198,"no COI","con","study",5
198,"no COI","con","authors",5
198,"no COI","con","journal",5
198,"no COI","con","company",5
198,"no COI","con","replicability",60
199,"COI","con","study",6
199,"COI","con","authors",6
199,"COI","con","journal",7
199,"COI","con","company",6
199,"COI","con","replicability",80
200,"COI","pro","study",4
200,"COI","pro","authors",4
200,"COI","pro","journal",5
200,"COI","pro","company",4
200,"COI","pro","replicability",60
201,"no COI","con","study",5
201,"no COI","con","authors",5
201,"no COI","con","journal",5
201,"no COI","con","company",5
201,"no COI","con","replicability",80
202,"COI","pro","study",6
202,"COI","pro","authors",6
202,"COI","pro","journal",6
202,"COI","pro","company",5
202,"COI","pro","replicability",80
203,"no COI","pro","study",5
203,"no COI","pro","authors",7
203,"no COI","pro","journal",7
203,"no COI","pro","company",5
203,"no COI","pro","replicability",80
204,"COI","pro","study",4
204,"COI","pro","authors",4
204,"COI","pro","journal",2
204,"COI","pro","company",4
204,"COI","pro","replicability",30
205,"no COI","pro","study",6
205,"no COI","pro","authors",6
205,"no COI","pro","journal",6
205,"no COI","pro","company",5
205,"no COI","pro","replicability",80
206,"no COI","pro","study",4
206,"no COI","pro","authors",4
206,"no COI","pro","journal",6
206,"no COI","pro","company",4
206,"no COI","pro","replicability",60
207,"COI","pro","study",1
207,"COI","pro","authors",1
207,"COI","pro","journal",1
207,"COI","pro","company",1
207,"COI","pro","replicability",50
208,"no COI","pro","study",5
208,"no COI","pro","authors",6
208,"no COI","pro","journal",6
208,"no COI","pro","company",5
208,"no COI","pro","replicability",90
209,"no COI","con","study",6
209,"no COI","con","authors",6
209,"no COI","con","journal",2
209,"no COI","con","company",5
209,"no COI","con","replicability",60
210,"no COI","pro","study",6
210,"no COI","pro","authors",6
210,"no COI","pro","journal",5
210,"no COI","pro","company",5
210,"no COI","pro","replicability",90
211,"no COI","con","study",5
211,"no COI","con","authors",4
211,"no COI","con","journal",4
211,"no COI","con","company",4
211,"no COI","con","replicability",60
212,"no COI","con","study",6
212,"no COI","con","authors",5
212,"no COI","con","journal",5
212,"no COI","con","company",4
212,"no COI","con","replicability",70
213,"no COI","pro","study",5
213,"no COI","pro","authors",5
213,"no COI","pro","journal",5
213,"no COI","pro","company",5
213,"no COI","pro","replicability",75
214,"COI","con","study",5
214,"COI","con","authors",5
214,"COI","con","journal",5
214,"COI","con","company",5
214,"COI","con","replicability",90
215,"no COI","pro","study",6
215,"no COI","pro","authors",6
215,"no COI","pro","journal",6
215,"no COI","pro","company",6
215,"no COI","pro","replicability",85
216,"no COI","pro","study",5
216,"no COI","pro","authors",5
216,"no COI","pro","journal",5
216,"no COI","pro","company",5
216,"no COI","pro","replicability",80
217,"no COI","con","study",5
217,"no COI","con","authors",5
217,"no COI","con","journal",6
217,"no COI","con","company",4
217,"no COI","con","replicability",80
218,"COI","pro","study",3
218,"COI","pro","authors",3
218,"COI","pro","journal",3
218,"COI","pro","company",3
218,"COI","pro","replicability",50
219,"COI","pro","study",3
219,"COI","pro","authors",4
219,"COI","pro","journal",5
219,"COI","pro","company",4
219,"COI","pro","replicability",50
220,"no COI","con","study",2
220,"no COI","con","authors",3
220,"no COI","con","journal",3
220,"no COI","con","company",4
220,"no COI","con","replicability",50
221,"COI","con","study",6
221,"COI","con","authors",6
221,"COI","con","journal",5
221,"COI","con","company",5
221,"COI","con","replicability",80
222,"COI","con","study",5
222,"COI","con","authors",5
222,"COI","con","journal",4
222,"COI","con","company",4
222,"COI","con","replicability",80
223,"COI","pro","study",1
223,"COI","pro","authors",3
223,"COI","pro","journal",3
223,"COI","pro","company",1
223,"COI","pro","replicability",45
224,"COI","con","study",5
224,"COI","con","authors",4
224,"COI","con","journal",5
224,"COI","con","company",5
224,"COI","con","replicability",80
225,"no COI","con","study",7
225,"no COI","con","authors",7
225,"no COI","con","journal",7
225,"no COI","con","company",7
225,"no COI","con","replicability",98
226,"COI","con","study",4
226,"COI","con","authors",4
226,"COI","con","journal",4
226,"COI","con","company",4
226,"COI","con","replicability",50
227,"no COI","pro","study",5
227,"no COI","pro","authors",6
227,"no COI","pro","journal",6
227,"no COI","pro","company",5
227,"no COI","pro","replicability",80
228,"no COI","con","study",5
228,"no COI","con","authors",5
228,"no COI","con","journal",5
228,"no COI","con","company",5
228,"no COI","con","replicability",75
229,"no COI","con","study",6
229,"no COI","con","authors",6
229,"no COI","con","journal",6
229,"no COI","con","company",5
229,"no COI","con","replicability",50
230,"COI","pro","study",6
230,"COI","pro","authors",6
230,"COI","pro","journal",6
230,"COI","pro","company",6
230,"COI","pro","replicability",70
231,"COI","con","study",5
231,"COI","con","authors",6
231,"COI","con","journal",5
231,"COI","con","company",5
231,"COI","con","replicability",85
232,"COI","con","study",5
232,"COI","con","authors",6
232,"COI","con","journal",6
232,"COI","con","company",6
232,"COI","con","replicability",90
233,"COI","con","study",6
233,"COI","con","authors",6
233,"COI","con","journal",4
233,"COI","con","company",5
233,"COI","con","replicability",90
234,"no COI","con","study",3
234,"no COI","con","authors",3
234,"no COI","con","journal",6
234,"no COI","con","company",3
234,"no COI","con","replicability",40
235,"no COI","con","study",5
235,"no COI","con","authors",6
235,"no COI","con","journal",5
235,"no COI","con","company",4
235,"no COI","con","replicability",66
236,"COI","con","study",6
236,"COI","con","authors",6
236,"COI","con","journal",6
236,"COI","con","company",6
236,"COI","con","replicability",85
237,"COI","pro","study",4
237,"COI","pro","authors",4
237,"COI","pro","journal",4
237,"COI","pro","company",4
237,"COI","pro","replicability",50
238,"no COI","con","study",6
238,"no COI","con","authors",5
238,"no COI","con","journal",5
238,"no COI","con","company",6
238,"no COI","con","replicability",80
239,"COI","con","study",7
239,"COI","con","authors",7
239,"COI","con","journal",7
239,"COI","con","company",7
239,"COI","con","replicability",80
240,"COI","pro","study",4
240,"COI","pro","authors",4
240,"COI","pro","journal",5
240,"COI","pro","company",4
240,"COI","pro","replicability",65
241,"COI","con","study",6
241,"COI","con","authors",6
241,"COI","con","journal",6
241,"COI","con","company",6
241,"COI","con","replicability",80
242,"COI","con","study",6
242,"COI","con","authors",6
242,"COI","con","journal",6
242,"COI","con","company",6
242,"COI","con","replicability",80
243,"no COI","pro","study",5
243,"no COI","pro","authors",4
243,"no COI","pro","journal",5
243,"no COI","pro","company",4
243,"no COI","pro","replicability",70
244,"no COI","con","study",7
244,"no COI","con","authors",6
244,"no COI","con","journal",6
244,"no COI","con","company",6
244,"no COI","con","replicability",90
245,"no COI","pro","study",5
245,"no COI","pro","authors",4
245,"no COI","pro","journal",4
245,"no COI","pro","company",4
245,"no COI","pro","replicability",100
246,"no COI","con","study",4
246,"no COI","con","authors",4
246,"no COI","con","journal",5
246,"no COI","con","company",4
246,"no COI","con","replicability",50
247,"no COI","con","study",3
247,"no COI","con","authors",4
247,"no COI","con","journal",4
247,"no COI","con","company",4
247,"no COI","con","replicability",50
248,"no COI","pro","study",5
248,"no COI","pro","authors",6
248,"no COI","pro","journal",6
248,"no COI","pro","company",5
248,"no COI","pro","replicability",60
249,"COI","pro","study",3
249,"COI","pro","authors",4
249,"COI","pro","journal",3
249,"COI","pro","company",4
249,"COI","pro","replicability",50
250,"COI","pro","study",6
250,"COI","pro","authors",4
250,"COI","pro","journal",5
250,"COI","pro","company",4
250,"COI","pro","replicability",75
251,"no COI","con","study",6
251,"no COI","con","authors",6
251,"no COI","con","journal",6
251,"no COI","con","company",6
251,"no COI","con","replicability",90
252,"no COI","pro","study",4
252,"no COI","pro","authors",4
252,"no COI","pro","journal",4
252,"no COI","pro","company",3
252,"no COI","pro","replicability",50
253,"no COI","con","study",5
253,"no COI","con","authors",5
253,"no COI","con","journal",6
253,"no COI","con","company",3
253,"no COI","con","replicability",60
254,"no COI","con","study",5
254,"no COI","con","authors",5
254,"no COI","con","journal",5
254,"no COI","con","company",4
254,"no COI","con","replicability",75
255,"COI","con","study",6
255,"COI","con","authors",6
255,"COI","con","journal",6
255,"COI","con","company",6
255,"COI","con","replicability",70
256,"no COI","pro","study",5
256,"no COI","pro","authors",5
256,"no COI","pro","journal",5
256,"no COI","pro","company",5
256,"no COI","pro","replicability",70
257,"COI","pro","study",4
257,"COI","pro","authors",5
257,"COI","pro","journal",7
257,"COI","pro","company",5
257,"COI","pro","replicability",70
258,"no COI","con","study",6
258,"no COI","con","authors",6
258,"no COI","con","journal",6
258,"no COI","con","company",3
258,"no COI","con","replicability",90
259,"no COI","pro","study",6
259,"no COI","pro","authors",6
259,"no COI","pro","journal",6
259,"no COI","pro","company",6
259,"no COI","pro","replicability",80
260,"COI","con","study",5
260,"COI","con","authors",5
260,"COI","con","journal",5
260,"COI","con","company",4
260,"COI","con","replicability",85
261,"no COI","pro","study",5
261,"no COI","pro","authors",5
261,"no COI","pro","journal",6
261,"no COI","pro","company",5
261,"no COI","pro","replicability",75
262,"no COI","pro","study",2
262,"no COI","pro","authors",4
262,"no COI","pro","journal",3
262,"no COI","pro","company",4
262,"no COI","pro","replicability",80
263,"COI","pro","study",5
263,"COI","pro","authors",5
263,"COI","pro","journal",5
263,"COI","pro","company",5
263,"COI","pro","replicability",60
264,"no COI","con","study",6
264,"no COI","con","authors",6
264,"no COI","con","journal",6
264,"no COI","con","company",4
264,"no COI","con","replicability",80
265,"no COI","con","study",3
265,"no COI","con","authors",5
265,"no COI","con","journal",5
265,"no COI","con","company",5
265,"no COI","con","replicability",40
266,"no COI","pro","study",7
266,"no COI","pro","authors",7
266,"no COI","pro","journal",7
266,"no COI","pro","company",6
266,"no COI","pro","replicability",90
267,"no COI","pro","study",5
267,"no COI","pro","authors",5
267,"no COI","pro","journal",5
267,"no COI","pro","company",5
267,"no COI","pro","replicability",70
268,"COI","con","study",6
268,"COI","con","authors",5
268,"COI","con","journal",5
268,"COI","con","company",5
268,"COI","con","replicability",65
269,"no COI","con","study",6
269,"no COI","con","authors",6
269,"no COI","con","journal",7
269,"no COI","con","company",4
269,"no COI","con","replicability",70
270,"COI","con","study",2
270,"COI","con","authors",3
270,"COI","con","journal",4
270,"COI","con","company",4
270,"COI","con","replicability",50
271,"COI","con","study",5
271,"COI","con","authors",4
271,"COI","con","journal",5
271,"COI","con","company",4
271,"COI","con","replicability",70
272,"COI","con","study",6
272,"COI","con","authors",7
272,"COI","con","journal",7
272,"COI","con","company",6
272,"COI","con","replicability",90
273,"no COI","pro","study",5
273,"no COI","pro","authors",5
273,"no COI","pro","journal",4
273,"no COI","pro","company",4
273,"no COI","pro","replicability",65
274,"COI","pro","study",5
274,"COI","pro","authors",3
274,"COI","pro","journal",4
274,"COI","pro","company",5
274,"COI","pro","replicability",40
275,"COI","pro","study",3
275,"COI","pro","authors",3
275,"COI","pro","journal",3
275,"COI","pro","company",3
275,"COI","pro","replicability",30
276,"COI","con","study",5
276,"COI","con","authors",5
276,"COI","con","journal",6
276,"COI","con","company",6
276,"COI","con","replicability",70
277,"COI","con","study",6
277,"COI","con","authors",6
277,"COI","con","journal",6
277,"COI","con","company",5
277,"COI","con","replicability",90
278,"no COI","con","study",7
278,"no COI","con","authors",7
278,"no COI","con","journal",7
278,"no COI","con","company",7
278,"no COI","con","replicability",80
279,"no COI","con","study",4
279,"no COI","con","authors",5
279,"no COI","con","journal",5
279,"no COI","con","company",5
279,"no COI","con","replicability",65
280,"COI","pro","study",4
280,"COI","pro","authors",4
280,"COI","pro","journal",4
280,"COI","pro","company",4
280,"COI","pro","replicability",60
281,"COI","con","study",6
281,"COI","con","authors",5
281,"COI","con","journal",6
281,"COI","con","company",7
281,"COI","con","replicability",80
282,"no COI","pro","study",6
282,"no COI","pro","authors",6
282,"no COI","pro","journal",6
282,"no COI","pro","company",5
282,"no COI","pro","replicability",60
283,"no COI","pro","study",5
283,"no COI","pro","authors",5
283,"no COI","pro","journal",6
283,"no COI","pro","company",5
283,"no COI","pro","replicability",60
284,"COI","pro","study",5
284,"COI","pro","authors",6
284,"COI","pro","journal",7
284,"COI","pro","company",5
284,"COI","pro","replicability",75
285,"no COI","con","study",6
285,"no COI","con","authors",7
285,"no COI","con","journal",7
285,"no COI","con","company",6
285,"no COI","con","replicability",84
286,"no COI","con","study",5
286,"no COI","con","authors",6
286,"no COI","con","journal",6
286,"no COI","con","company",5
286,"no COI","con","replicability",70
287,"no COI","pro","study",6
287,"no COI","pro","authors",6
287,"no COI","pro","journal",6
287,"no COI","pro","company",5
287,"no COI","pro","replicability",80
288,"no COI","pro","study",6
288,"no COI","pro","authors",5
288,"no COI","pro","journal",7
288,"no COI","pro","company",5
288,"no COI","pro","replicability",70
289,"COI","pro","study",6
289,"COI","pro","authors",6
289,"COI","pro","journal",7
289,"COI","pro","company",5
289,"COI","pro","replicability",80
290,"COI","pro","study",5
290,"COI","pro","authors",5
290,"COI","pro","journal",7
290,"COI","pro","company",4
290,"COI","pro","replicability",25
291,"COI","con","study",5
291,"COI","con","authors",6
291,"COI","con","journal",6
291,"COI","con","company",6
291,"COI","con","replicability",70
292,"COI","pro","study",5
292,"COI","pro","authors",5
292,"COI","pro","journal",5
292,"COI","pro","company",5
292,"COI","pro","replicability",100
293,"no COI","con","study",6
293,"no COI","con","authors",6
293,"no COI","con","journal",5
293,"no COI","con","company",3
293,"no COI","con","replicability",88
294,"no COI","pro","study",5
294,"no COI","pro","authors",6
294,"no COI","pro","journal",6
294,"no COI","pro","company",6
294,"no COI","pro","replicability",80
295,"COI","pro","study",4
295,"COI","pro","authors",4
295,"COI","pro","journal",6
295,"COI","pro","company",4
295,"COI","pro","replicability",50
296,"COI","pro","study",1
296,"COI","pro","authors",4
296,"COI","pro","journal",7
296,"COI","pro","company",5
296,"COI","pro","replicability",10
297,"no COI","pro","study",5
297,"no COI","pro","authors",6
297,"no COI","pro","journal",6
297,"no COI","pro","company",5
297,"no COI","pro","replicability",80
298,"no COI","pro","study",4
298,"no COI","pro","authors",4
298,"no COI","pro","journal",6
298,"no COI","pro","company",4
298,"no COI","pro","replicability",50
299,"no COI","con","study",6
299,"no COI","con","authors",6
299,"no COI","con","journal",7
299,"no COI","con","company",5
299,"no COI","con","replicability",85
300,"COI","pro","study",5
300,"COI","pro","authors",6
300,"COI","pro","journal",6
300,"COI","pro","company",4
300,"COI","pro","replicability",80
301,"no COI","con","study",3
301,"no COI","con","authors",4
301,"no COI","con","journal",4
301,"no COI","con","company",4
301,"no COI","con","replicability",50
302,"COI","con","study",5
302,"COI","con","authors",5
302,"COI","con","journal",6
302,"COI","con","company",4
302,"COI","con","replicability",70
303,"no COI","pro","study",6
303,"no COI","pro","authors",6
303,"no COI","pro","journal",7
303,"no COI","pro","company",6
303,"no COI","pro","replicability",95
304,"COI","pro","study",5
304,"COI","pro","authors",5
304,"COI","pro","journal",5
304,"COI","pro","company",5
304,"COI","pro","replicability",75
305,"COI","con","study",5
305,"COI","con","authors",4
305,"COI","con","journal",5
305,"COI","con","company",4
305,"COI","con","replicability",65
306,"COI","pro","study",6
306,"COI","pro","authors",5
306,"COI","pro","journal",7
306,"COI","pro","company",6
306,"COI","pro","replicability",90
307,"no COI","pro","study",6
307,"no COI","pro","authors",5
307,"no COI","pro","journal",7
307,"no COI","pro","company",5
307,"no COI","pro","replicability",80
308,"no COI","con","study",4
308,"no COI","con","authors",4
308,"no COI","con","journal",4
308,"no COI","con","company",4
308,"no COI","con","replicability",50
309,"COI","pro","study",5
309,"COI","pro","authors",4
309,"COI","pro","journal",4
309,"COI","pro","company",4
309,"COI","pro","replicability",50
310,"no COI","con","study",6
310,"no COI","con","authors",6
310,"no COI","con","journal",6
310,"no COI","con","company",6
310,"no COI","con","replicability",50
311,"COI","con","study",5
311,"COI","con","authors",4
311,"COI","con","journal",5
311,"COI","con","company",4
311,"COI","con","replicability",40
312,"no COI","pro","study",6
312,"no COI","pro","authors",6
312,"no COI","pro","journal",6
312,"no COI","pro","company",6
312,"no COI","pro","replicability",90
313,"no COI","pro","study",4
313,"no COI","pro","authors",4
313,"no COI","pro","journal",4
313,"no COI","pro","company",4
313,"no COI","pro","replicability",80
314,"no COI","con","study",7
314,"no COI","con","authors",7
314,"no COI","con","journal",7
314,"no COI","con","company",7
314,"no COI","con","replicability",80
315,"no COI","con","study",6
315,"no COI","con","authors",6
315,"no COI","con","journal",6
315,"no COI","con","company",4
315,"no COI","con","replicability",76
316,"no COI","con","study",3
316,"no COI","con","authors",4
316,"no COI","con","journal",4
316,"no COI","con","company",4
316,"no COI","con","replicability",50
317,"COI","pro","study",5
317,"COI","pro","authors",4
317,"COI","pro","journal",4
317,"COI","pro","company",4
317,"COI","pro","replicability",50
318,"no COI","pro","study",7
318,"no COI","pro","authors",7
318,"no COI","pro","journal",7
318,"no COI","pro","company",7
318,"no COI","pro","replicability",100
319,"COI","pro","study",3
319,"COI","pro","authors",4
319,"COI","pro","journal",5
319,"COI","pro","company",4
319,"COI","pro","replicability",60
320,"no COI","con","study",5
320,"no COI","con","authors",5
320,"no COI","con","journal",5
320,"no COI","con","company",5
320,"no COI","con","replicability",85
321,"COI","pro","study",5
321,"COI","pro","authors",5
321,"COI","pro","journal",5
321,"COI","pro","company",5
321,"COI","pro","replicability",75
322,"no COI","pro","study",6
322,"no COI","pro","authors",6
322,"no COI","pro","journal",6
322,"no COI","pro","company",6
322,"no COI","pro","replicability",95
323,"COI","con","study",6
323,"COI","con","authors",6
323,"COI","con","journal",5
323,"COI","con","company",5
323,"COI","con","replicability",100
324,"COI","pro","study",5
324,"COI","pro","authors",6
324,"COI","pro","journal",6
324,"COI","pro","company",6
324,"COI","pro","replicability",65
325,"COI","pro","study",5
325,"COI","pro","authors",5
325,"COI","pro","journal",6
325,"COI","pro","company",5
325,"COI","pro","replicability",60
326,"COI","con","study",6
326,"COI","con","authors",6
326,"COI","con","journal",6
326,"COI","con","company",6
326,"COI","con","replicability",100
327,"COI","pro","study",4
327,"COI","pro","authors",4
327,"COI","pro","journal",4
327,"COI","pro","company",4
327,"COI","pro","replicability",50
328,"COI","con","study",5
328,"COI","con","authors",5
328,"COI","con","journal",5
328,"COI","con","company",5
328,"COI","con","replicability",80
329,"COI","con","study",5
329,"COI","con","authors",5
329,"COI","con","journal",5
329,"COI","con","company",4
329,"COI","con","replicability",60
330,"COI","con","study",6
330,"COI","con","authors",6
330,"COI","con","journal",6
330,"COI","con","company",5
330,"COI","con","replicability",80
331,"COI","pro","study",4
331,"COI","pro","authors",5
331,"COI","pro","journal",5
331,"COI","pro","company",4
331,"COI","pro","replicability",45
332,"no COI","pro","study",5
332,"no COI","pro","authors",4
332,"no COI","pro","journal",6
332,"no COI","pro","company",4
332,"no COI","pro","replicability",60
333,"COI","pro","study",5
333,"COI","pro","authors",6
333,"COI","pro","journal",6
333,"COI","pro","company",5
333,"COI","pro","replicability",80
334,"no COI","con","study",6
334,"no COI","con","authors",6
334,"no COI","con","journal",6
334,"no COI","con","company",6
334,"no COI","con","replicability",90
335,"COI","pro","study",6
335,"COI","pro","authors",5
335,"COI","pro","journal",5
335,"COI","pro","company",6
335,"COI","pro","replicability",70
336,"no COI","con","study",6
336,"no COI","con","authors",6
336,"no COI","con","journal",6
336,"no COI","con","company",5
336,"no COI","con","replicability",95
337,"no COI","pro","study",4
337,"no COI","pro","authors",4
337,"no COI","pro","journal",4
337,"no COI","pro","company",4
337,"no COI","pro","replicability",50
338,"no COI","con","study",4
338,"no COI","con","authors",4
338,"no COI","con","journal",4
338,"no COI","con","company",4
338,"no COI","con","replicability",50
339,"COI","con","study",5
339,"COI","con","authors",4
339,"COI","con","journal",4
339,"COI","con","company",4
339,"COI","con","replicability",50
340,"COI","pro","study",5
340,"COI","pro","authors",5
340,"COI","pro","journal",6
340,"COI","pro","company",5
340,"COI","pro","replicability",75
341,"COI","con","study",5
341,"COI","con","authors",5
341,"COI","con","journal",6
341,"COI","con","company",5
341,"COI","con","replicability",80
342,"COI","con","study",7
342,"COI","con","authors",7
342,"COI","con","journal",7
342,"COI","con","company",5
342,"COI","con","replicability",95
343,"COI","con","study",6
343,"COI","con","authors",5
343,"COI","con","journal",5
343,"COI","con","company",5
343,"COI","con","replicability",95
344,"no COI","con","study",6
344,"no COI","con","authors",6
344,"no COI","con","journal",6
344,"no COI","con","company",6
344,"no COI","con","replicability",70
345,"COI","con","study",4
345,"COI","con","authors",4
345,"COI","con","journal",4
345,"COI","con","company",3
345,"COI","con","replicability",90
346,"COI","pro","study",3
346,"COI","pro","authors",4
346,"COI","pro","journal",5
346,"COI","pro","company",5
346,"COI","pro","replicability",60
347,"no COI","pro","study",6
347,"no COI","pro","authors",6
347,"no COI","pro","journal",6
347,"no COI","pro","company",5
347,"no COI","pro","replicability",80
348,"no COI","con","study",5
348,"no COI","con","authors",5
348,"no COI","con","journal",5
348,"no COI","con","company",5
348,"no COI","con","replicability",60
349,"COI","con","study",6
349,"COI","con","authors",6
349,"COI","con","journal",6
349,"COI","con","company",6
349,"COI","con","replicability",95
350,"no COI","con","study",4
350,"no COI","con","authors",5
350,"no COI","con","journal",6
350,"no COI","con","company",4
350,"no COI","con","replicability",100
351,"COI","con","study",5
351,"COI","con","authors",5
351,"COI","con","journal",4
351,"COI","con","company",4
351,"COI","con","replicability",25
352,"no COI","pro","study",3
352,"no COI","pro","authors",4
352,"no COI","pro","journal",4
352,"no COI","pro","company",4
352,"no COI","pro","replicability",50
353,"no COI","pro","study",6
353,"no COI","pro","authors",6
353,"no COI","pro","journal",6
353,"no COI","pro","company",6
353,"no COI","pro","replicability",50
354,"no COI","con","study",4
354,"no COI","con","authors",4
354,"no COI","con","journal",4
354,"no COI","con","company",4
354,"no COI","con","replicability",50
355,"COI","con","study",7
355,"COI","con","authors",7
355,"COI","con","journal",7
355,"COI","con","company",4
355,"COI","con","replicability",75
356,"no COI","pro","study",4
356,"no COI","pro","authors",4
356,"no COI","pro","journal",5
356,"no COI","pro","company",4
356,"no COI","pro","replicability",80
357,"no COI","pro","study",3
357,"no COI","pro","authors",3
357,"no COI","pro","journal",3
357,"no COI","pro","company",2
357,"no COI","pro","replicability",30
358,"no COI","con","study",5
358,"no COI","con","authors",5
358,"no COI","con","journal",6
358,"no COI","con","company",4
358,"no COI","con","replicability",85
359,"no COI","pro","study",6
359,"no COI","pro","authors",6
359,"no COI","pro","journal",5
359,"no COI","pro","company",5
359,"no COI","pro","replicability",100
360,"no COI","con","study",5
360,"no COI","con","authors",5
360,"no COI","con","journal",4
360,"no COI","con","company",4
360,"no COI","con","replicability",80
361,"COI","con","study",6
361,"COI","con","authors",7
361,"COI","con","journal",6
361,"COI","con","company",6
361,"COI","con","replicability",99
362,"no COI","con","study",6
362,"no COI","con","authors",6
362,"no COI","con","journal",6
362,"no COI","con","company",6
362,"no COI","con","replicability",80
363,"COI","con","study",6
363,"COI","con","authors",6
363,"COI","con","journal",6
363,"COI","con","company",5
363,"COI","con","replicability",80
364,"no COI","pro","study",4
364,"no COI","pro","authors",4
364,"no COI","pro","journal",4
364,"no COI","pro","company",4
364,"no COI","pro","replicability",50
365,"no COI","pro","study",4
365,"no COI","pro","authors",5
365,"no COI","pro","journal",5
365,"no COI","pro","company",5
365,"no COI","pro","replicability",50
366,"COI","pro","study",5
366,"COI","pro","authors",5
366,"COI","pro","journal",6
366,"COI","pro","company",5
366,"COI","pro","replicability",90
367,"no COI","pro","study",5
367,"no COI","pro","authors",5
367,"no COI","pro","journal",5
367,"no COI","pro","company",5
367,"no COI","pro","replicability",90
368,"no COI","pro","study",6
368,"no COI","pro","authors",6
368,"no COI","pro","journal",4
368,"no COI","pro","company",7
368,"no COI","pro","replicability",100
369,"COI","con","study",6
369,"COI","con","authors",5
369,"COI","con","journal",6
369,"COI","con","company",6
369,"COI","con","replicability",75
370,"COI","pro","study",5
370,"COI","pro","authors",5
370,"COI","pro","journal",6
370,"COI","pro","company",5
370,"COI","pro","replicability",65
371,"COI","pro","study",3
371,"COI","pro","authors",3
371,"COI","pro","journal",4
371,"COI","pro","company",3
371,"COI","pro","replicability",0
372,"COI","pro","study",5
372,"COI","pro","authors",6
372,"COI","pro","journal",5
372,"COI","pro","company",4
372,"COI","pro","replicability",70
373,"COI","con","study",5
373,"COI","con","authors",5
373,"COI","con","journal",6
373,"COI","con","company",5
373,"COI","con","replicability",67
374,"COI","pro","study",4
374,"COI","pro","authors",4
374,"COI","pro","journal",4
374,"COI","pro","company",4
374,"COI","pro","replicability",50
375,"COI","con","study",5
375,"COI","con","authors",5
375,"COI","con","journal",5
375,"COI","con","company",4
375,"COI","con","replicability",70
376,"COI","pro","study",5
376,"COI","pro","authors",5
376,"COI","pro","journal",5
376,"COI","pro","company",4
376,"COI","pro","replicability",60
377,"no COI","pro","study",4
377,"no COI","pro","authors",4
377,"no COI","pro","journal",4
377,"no COI","pro","company",4
377,"no COI","pro","replicability",80
378,"no COI","pro","study",4
378,"no COI","pro","authors",4
378,"no COI","pro","journal",4
378,"no COI","pro","company",4
378,"no COI","pro","replicability",100
379,"no COI","con","study",5
379,"no COI","con","authors",5
379,"no COI","con","journal",5
379,"no COI","con","company",5
379,"no COI","con","replicability",90
380,"COI","con","study",5
380,"COI","con","authors",5
380,"COI","con","journal",5
380,"COI","con","company",5
380,"COI","con","replicability",76
381,"COI","con","study",3
381,"COI","con","authors",5
381,"COI","con","journal",5
381,"COI","con","company",6
381,"COI","con","replicability",80
382,"COI","pro","study",6
382,"COI","pro","authors",6
382,"COI","pro","journal",6
382,"COI","pro","company",5
382,"COI","pro","replicability",68
383,"no COI","con","study",5
383,"no COI","con","authors",5
383,"no COI","con","journal",5
383,"no COI","con","company",5
383,"no COI","con","replicability",70
384,"no COI","pro","study",5
384,"no COI","pro","authors",5
384,"no COI","pro","journal",5
384,"no COI","pro","company",5
384,"no COI","pro","replicability",60
385,"no COI","con","study",6
385,"no COI","con","authors",6
385,"no COI","con","journal",6
385,"no COI","con","company",5
385,"no COI","con","replicability",70
386,"no COI","con","study",6
386,"no COI","con","authors",6
386,"no COI","con","journal",6
386,"no COI","con","company",5
386,"no COI","con","replicability",100
387,"COI","con","study",5
387,"COI","con","authors",5
387,"COI","con","journal",4
387,"COI","con","company",6
387,"COI","con","replicability",75
388,"COI","pro","study",5
388,"COI","pro","authors",4
388,"COI","pro","journal",5
388,"COI","pro","company",5
388,"COI","pro","replicability",30
389,"COI","pro","study",5
389,"COI","pro","authors",5
389,"COI","pro","journal",6
389,"COI","pro","company",5
389,"COI","pro","replicability",70
390,"COI","con","study",6
390,"COI","con","authors",6
390,"COI","con","journal",6
390,"COI","con","company",6
390,"COI","con","replicability",70
391,"no COI","pro","study",5
391,"no COI","pro","authors",6
391,"no COI","pro","journal",6
391,"no COI","pro","company",5
391,"no COI","pro","replicability",69
392,"COI","pro","study",5
392,"COI","pro","authors",4
392,"COI","pro","journal",5
392,"COI","pro","company",4
392,"COI","pro","replicability",80
393,"no COI","con","study",5
393,"no COI","con","authors",6
393,"no COI","con","journal",7
393,"no COI","con","company",5
393,"no COI","con","replicability",75
394,"no COI","pro","study",6
394,"no COI","pro","authors",6
394,"no COI","pro","journal",5
394,"no COI","pro","company",6
394,"no COI","pro","replicability",80
395,"COI","con","study",6
395,"COI","con","authors",5
395,"COI","con","journal",6
395,"COI","con","company",6
395,"COI","con","replicability",60
396,"no COI","pro","study",5
396,"no COI","pro","authors",5
396,"no COI","pro","journal",5
396,"no COI","pro","company",5
396,"no COI","pro","replicability",30
397,"no COI","con","study",5
397,"no COI","con","authors",5
397,"no COI","con","journal",5
397,"no COI","con","company",5
397,"no COI","con","replicability",60
398,"COI","pro","study",5
398,"COI","pro","authors",5
398,"COI","pro","journal",6
398,"COI","pro","company",5
398,"COI","pro","replicability",60
399,"no COI","con","study",6
399,"no COI","con","authors",6
399,"no COI","con","journal",6
399,"no COI","con","company",6
399,"no COI","con","replicability",20
400,"no COI","con","study",5
400,"no COI","con","authors",5
400,"no COI","con","journal",6
400,"no COI","con","company",4
400,"no COI","con","replicability",60
401,"no COI","pro","study",5
401,"no COI","pro","authors",5
401,"no COI","pro","journal",5
401,"no COI","pro","company",4
401,"no COI","pro","replicability",73
402,"no COI","pro","study",5
402,"no COI","pro","authors",5
402,"no COI","pro","journal",5
402,"no COI","pro","company",5
402,"no COI","pro","replicability",70
403,"COI","con","study",5
403,"COI","con","authors",5
403,"COI","con","journal",6
403,"COI","con","company",5
403,"COI","con","replicability",80
404,"COI","con","study",5
404,"COI","con","authors",4
404,"COI","con","journal",4
404,"COI","con","company",4
404,"COI","con","replicability",60
405,"no COI","con","study",7
405,"no COI","con","authors",5
405,"no COI","con","journal",6
405,"no COI","con","company",5
405,"no COI","con","replicability",70
406,"no COI","con","study",4
406,"no COI","con","authors",4
406,"no COI","con","journal",4
406,"no COI","con","company",4
406,"no COI","con","replicability",50
407,"COI","con","study",6
407,"COI","con","authors",5
407,"COI","con","journal",5
407,"COI","con","company",5
407,"COI","con","replicability",60
408,"no COI","con","study",6
408,"no COI","con","authors",6
408,"no COI","con","journal",6
408,"no COI","con","company",6
408,"no COI","con","replicability",85
409,"COI","pro","study",3
409,"COI","pro","authors",4
409,"COI","pro","journal",3
409,"COI","pro","company",3
409,"COI","pro","replicability",20
410,"COI","con","study",6
410,"COI","con","authors",6
410,"COI","con","journal",6
410,"COI","con","company",2
410,"COI","con","replicability",80
411,"no COI","pro","study",6
411,"no COI","pro","authors",6
411,"no COI","pro","journal",6
411,"no COI","pro","company",6
411,"no COI","pro","replicability",20
412,"no COI","pro","study",5
412,"no COI","pro","authors",5
412,"no COI","pro","journal",5
412,"no COI","pro","company",5
412,"no COI","pro","replicability",95
413,"no COI","pro","study",6
413,"no COI","pro","authors",6
413,"no COI","pro","journal",6
413,"no COI","pro","company",6
413,"no COI","pro","replicability",80
414,"COI","pro","study",6
414,"COI","pro","authors",6
414,"COI","pro","journal",7
414,"COI","pro","company",6
414,"COI","pro","replicability",80
415,"no COI","pro","study",6
415,"no COI","pro","authors",5
415,"no COI","pro","journal",6
415,"no COI","pro","company",5
415,"no COI","pro","replicability",75
416,"no COI","pro","study",6
416,"no COI","pro","authors",6
416,"no COI","pro","journal",6
416,"no COI","pro","company",6
416,"no COI","pro","replicability",100
417,"no COI","con","study",7
417,"no COI","con","authors",7
417,"no COI","con","journal",7
417,"no COI","con","company",2
417,"no COI","con","replicability",100
418,"COI","con","study",6
418,"COI","con","authors",6
418,"COI","con","journal",6
418,"COI","con","company",4
418,"COI","con","replicability",95
419,"no COI","con","study",5
419,"no COI","con","authors",5
419,"no COI","con","journal",5
419,"no COI","con","company",4
419,"no COI","con","replicability",40
420,"COI","con","study",6
420,"COI","con","authors",6
420,"COI","con","journal",6
420,"COI","con","company",6
420,"COI","con","replicability",90
421,"no COI","pro","study",6
421,"no COI","pro","authors",6
421,"no COI","pro","journal",6
421,"no COI","pro","company",5
421,"no COI","pro","replicability",80
422,"COI","con","study",7
422,"COI","con","authors",7
422,"COI","con","journal",7
422,"COI","con","company",7
422,"COI","con","replicability",95
423,"COI","con","study",5
423,"COI","con","authors",6
423,"COI","con","journal",5
423,"COI","con","company",4
423,"COI","con","replicability",85
424,"COI","con","study",5
424,"COI","con","authors",6
424,"COI","con","journal",6
424,"COI","con","company",5
424,"COI","con","replicability",85
425,"COI","con","study",7
425,"COI","con","authors",6
425,"COI","con","journal",7
425,"COI","con","company",7
425,"COI","con","replicability",100
426,"no COI","pro","study",5
426,"no COI","pro","authors",5
426,"no COI","pro","journal",5
426,"no COI","pro","company",4
426,"no COI","pro","replicability",100
427,"no COI","con","study",5
427,"no COI","con","authors",6
427,"no COI","con","journal",6
427,"no COI","con","company",5
427,"no COI","con","replicability",99
428,"COI","con","study",6
428,"COI","con","authors",6
428,"COI","con","journal",6
428,"COI","con","company",4
428,"COI","con","replicability",90
429,"COI","pro","study",5
429,"COI","pro","authors",6
429,"COI","pro","journal",5
429,"COI","pro","company",6
429,"COI","pro","replicability",30
430,"no COI","pro","study",5
430,"no COI","pro","authors",5
430,"no COI","pro","journal",6
430,"no COI","pro","company",5
430,"no COI","pro","replicability",80
431,"COI","pro","study",6
431,"COI","pro","authors",5
431,"COI","pro","journal",6
431,"COI","pro","company",5
431,"COI","pro","replicability",70
432,"COI","pro","study",5
432,"COI","pro","authors",4
432,"COI","pro","journal",5
432,"COI","pro","company",5
432,"COI","pro","replicability",65
433,"no COI","pro","study",5
433,"no COI","pro","authors",5
433,"no COI","pro","journal",6
433,"no COI","pro","company",5
433,"no COI","pro","replicability",80
434,"COI","con","study",5
434,"COI","con","authors",5
434,"COI","con","journal",5
434,"COI","con","company",5
434,"COI","con","replicability",51
435,"no COI","pro","study",5
435,"no COI","pro","authors",5
435,"no COI","pro","journal",5
435,"no COI","pro","company",5
435,"no COI","pro","replicability",65
436,"COI","con","study",5
436,"COI","con","authors",5
436,"COI","con","journal",5
436,"COI","con","company",5
436,"COI","con","replicability",90
437,"no COI","con","study",7
437,"no COI","con","authors",7
437,"no COI","con","journal",7
437,"no COI","con","company",7
437,"no COI","con","replicability",100
438,"COI","pro","study",4
438,"COI","pro","authors",5
438,"COI","pro","journal",5
438,"COI","pro","company",4
438,"COI","pro","replicability",40
439,"COI","con","study",6
439,"COI","con","authors",7
439,"COI","con","journal",4
439,"COI","con","company",5
439,"COI","con","replicability",60
440,"no COI","pro","study",4
440,"no COI","pro","authors",4
440,"no COI","pro","journal",4
440,"no COI","pro","company",4
440,"no COI","pro","replicability",50
441,"COI","pro","study",6
441,"COI","pro","authors",6
441,"COI","pro","journal",5
441,"COI","pro","company",5
441,"COI","pro","replicability",80
442,"no COI","pro","study",5
442,"no COI","pro","authors",5
442,"no COI","pro","journal",6
442,"no COI","pro","company",5
442,"no COI","pro","replicability",80
443,"COI","con","study",5
443,"COI","con","authors",5
443,"COI","con","journal",5
443,"COI","con","company",5
443,"COI","con","replicability",95
444,"no COI","con","study",5
444,"no COI","con","authors",6
444,"no COI","con","journal",4
444,"no COI","con","company",5
444,"no COI","con","replicability",60
445,"no COI","con","study",6
445,"no COI","con","authors",6
445,"no COI","con","journal",6
445,"no COI","con","company",6
445,"no COI","con","replicability",75
446,"no COI","pro","study",6
446,"no COI","pro","authors",6
446,"no COI","pro","journal",6
446,"no COI","pro","company",6
446,"no COI","pro","replicability",90
447,"no COI","con","study",6
447,"no COI","con","authors",6
447,"no COI","con","journal",6
447,"no COI","con","company",2
447,"no COI","con","replicability",90
448,"COI","pro","study",5
448,"COI","pro","authors",5
448,"COI","pro","journal",6
448,"COI","pro","company",5
448,"COI","pro","replicability",75
449,"no COI","pro","study",6
449,"no COI","pro","authors",6
449,"no COI","pro","journal",6
449,"no COI","pro","company",6
449,"no COI","pro","replicability",75
450,"no COI","con","study",5
450,"no COI","con","authors",6
450,"no COI","con","journal",5
450,"no COI","con","company",5
450,"no COI","con","replicability",65
451,"COI","pro","study",3
451,"COI","pro","authors",2
451,"COI","pro","journal",3
451,"COI","pro","company",4
451,"COI","pro","replicability",25
452,"no COI","con","study",6
452,"no COI","con","authors",6
452,"no COI","con","journal",6
452,"no COI","con","company",6
452,"no COI","con","replicability",90
453,"no COI","con","study",6
453,"no COI","con","authors",5
453,"no COI","con","journal",4
453,"no COI","con","company",5
453,"no COI","con","replicability",60
454,"COI","pro","study",5
454,"COI","pro","authors",4
454,"COI","pro","journal",4
454,"COI","pro","company",4
454,"COI","pro","replicability",13
455,"COI","pro","study",4
455,"COI","pro","authors",4
455,"COI","pro","journal",5
455,"COI","pro","company",4
455,"COI","pro","replicability",50
456,"no COI","con","study",6
456,"no COI","con","authors",7
456,"no COI","con","journal",7
456,"no COI","con","company",6
456,"no COI","con","replicability",90
457,"no COI","con","study",6
457,"no COI","con","authors",6
457,"no COI","con","journal",6
457,"no COI","con","company",6
457,"no COI","con","replicability",70
458,"COI","con","study",5
458,"COI","con","authors",5
458,"COI","con","journal",5
458,"COI","con","company",5
458,"COI","con","replicability",90
459,"COI","pro","study",3
459,"COI","pro","authors",3
459,"COI","pro","journal",4
459,"COI","pro","company",4
459,"COI","pro","replicability",45
460,"COI","pro","study",6
460,"COI","pro","authors",6
460,"COI","pro","journal",6
460,"COI","pro","company",5
460,"COI","pro","replicability",80
461,"no COI","pro","study",5
461,"no COI","pro","authors",5
461,"no COI","pro","journal",5
461,"no COI","pro","company",5
461,"no COI","pro","replicability",50
462,"COI","pro","study",5
462,"COI","pro","authors",5
462,"COI","pro","journal",5
462,"COI","pro","company",4
462,"COI","pro","replicability",70
463,"COI","con","study",5
463,"COI","con","authors",5
463,"COI","con","journal",5
463,"COI","con","company",4
463,"COI","con","replicability",80
464,"COI","con","study",5
464,"COI","con","authors",5
464,"COI","con","journal",4
464,"COI","con","company",5
464,"COI","con","replicability",75
465,"COI","pro","study",4
465,"COI","pro","authors",4
465,"COI","pro","journal",4
465,"COI","pro","company",4
465,"COI","pro","replicability",50
466,"no COI","pro","study",7
466,"no COI","pro","authors",6
466,"no COI","pro","journal",7
466,"no COI","pro","company",7
466,"no COI","pro","replicability",80
467,"COI","pro","study",5
467,"COI","pro","authors",5
467,"COI","pro","journal",6
467,"COI","pro","company",4
467,"COI","pro","replicability",60
468,"COI","con","study",7
468,"COI","con","authors",6
468,"COI","con","journal",6
468,"COI","con","company",7
468,"COI","con","replicability",95
469,"no COI","pro","study",4
469,"no COI","pro","authors",4
469,"no COI","pro","journal",5
469,"no COI","pro","company",4
469,"no COI","pro","replicability",50
470,"COI","pro","study",3
470,"COI","pro","authors",4
470,"COI","pro","journal",4
470,"COI","pro","company",4
470,"COI","pro","replicability",45
471,"COI","pro","study",3
471,"COI","pro","authors",4
471,"COI","pro","journal",4
471,"COI","pro","company",3
471,"COI","pro","replicability",50
472,"no COI","con","study",5
472,"no COI","con","authors",5
472,"no COI","con","journal",5
472,"no COI","con","company",4
472,"no COI","con","replicability",75
473,"no COI","con","study",5
473,"no COI","con","authors",5
473,"no COI","con","journal",7
473,"no COI","con","company",5
473,"no COI","con","replicability",88
474,"no COI","con","study",6
474,"no COI","con","authors",6
474,"no COI","con","journal",6
474,"no COI","con","company",6
474,"no COI","con","replicability",70
475,"no COI","pro","study",5
475,"no COI","pro","authors",5
475,"no COI","pro","journal",5
475,"no COI","pro","company",5
475,"no COI","pro","replicability",70
476,"COI","con","study",6
476,"COI","con","authors",6
476,"COI","con","journal",6
476,"COI","con","company",5
476,"COI","con","replicability",60
477,"COI","con","study",5
477,"COI","con","authors",6
477,"COI","con","journal",5
477,"COI","con","company",5
477,"COI","con","replicability",50
478,"COI","pro","study",5
478,"COI","pro","authors",5
478,"COI","pro","journal",5
478,"COI","pro","company",4
478,"COI","pro","replicability",85
479,"no COI","con","study",7
479,"no COI","con","authors",7
479,"no COI","con","journal",7
479,"no COI","con","company",6
479,"no COI","con","replicability",100
480,"COI","pro","study",5
480,"COI","pro","authors",5
480,"COI","pro","journal",5
480,"COI","pro","company",4
480,"COI","pro","replicability",75
481,"COI","pro","study",5
481,"COI","pro","authors",5
481,"COI","pro","journal",4
481,"COI","pro","company",5
481,"COI","pro","replicability",80
482,"no COI","con","study",6
482,"no COI","con","authors",6
482,"no COI","con","journal",6
482,"no COI","con","company",6
482,"no COI","con","replicability",100
483,"COI","con","study",6
483,"COI","con","authors",6
483,"COI","con","journal",6
483,"COI","con","company",3
483,"COI","con","replicability",80
484,"COI","pro","study",5
484,"COI","pro","authors",5
484,"COI","pro","journal",5
484,"COI","pro","company",5
484,"COI","pro","replicability",35
485,"COI","con","study",6
485,"COI","con","authors",6
485,"COI","con","journal",6
485,"COI","con","company",6
485,"COI","con","replicability",85
486,"no COI","pro","study",4
486,"no COI","pro","authors",5
486,"no COI","pro","journal",5
486,"no COI","pro","company",7
486,"no COI","pro","replicability",60
487,"COI","con","study",6
487,"COI","con","authors",6
487,"COI","con","journal",6
487,"COI","con","company",6
487,"COI","con","replicability",90
488,"no COI","pro","study",5
488,"no COI","pro","authors",5
488,"no COI","pro","journal",5
488,"no COI","pro","company",5
488,"no COI","pro","replicability",65
489,"no COI","con","study",7
489,"no COI","con","authors",7
489,"no COI","con","journal",7
489,"no COI","con","company",7
489,"no COI","con","replicability",90
490,"COI","pro","study",7
490,"COI","pro","authors",7
490,"COI","pro","journal",7
490,"COI","pro","company",7
490,"COI","pro","replicability",80
491,"COI","pro","study",6
491,"COI","pro","authors",6
491,"COI","pro","journal",6
491,"COI","pro","company",6
491,"COI","pro","replicability",90
492,"no COI","pro","study",5
492,"no COI","pro","authors",5
492,"no COI","pro","journal",6
492,"no COI","pro","company",5
492,"no COI","pro","replicability",90
493,"no COI","pro","study",6
493,"no COI","pro","authors",6
493,"no COI","pro","journal",6
493,"no COI","pro","company",4
493,"no COI","pro","replicability",65
494,"COI","con","study",3
494,"COI","con","authors",3
494,"COI","con","journal",3
494,"COI","con","company",3
494,"COI","con","replicability",60
495,"no COI","con","study",6
495,"no COI","con","authors",6
495,"no COI","con","journal",6
495,"no COI","con","company",6
495,"no COI","con","replicability",85
496,"no COI","pro","study",5
496,"no COI","pro","authors",6
496,"no COI","pro","journal",6
496,"no COI","pro","company",5
496,"no COI","pro","replicability",75
497,"COI","con","study",5
497,"COI","con","authors",5
497,"COI","con","journal",6
497,"COI","con","company",6
497,"COI","con","replicability",65
498,"COI","pro","study",2
498,"COI","pro","authors",2
498,"COI","pro","journal",3
498,"COI","pro","company",2
498,"COI","pro","replicability",20
499,"no COI","con","study",5
499,"no COI","con","authors",5
499,"no COI","con","journal",4
499,"no COI","con","company",4
499,"no COI","con","replicability",80
500,"no COI","con","study",6
500,"no COI","con","authors",6
500,"no COI","con","journal",6
500,"no COI","con","company",6
500,"no COI","con","replicability",0
501,"COI","pro","study",4
501,"COI","pro","authors",4
501,"COI","pro","journal",4
501,"COI","pro","company",4
501,"COI","pro","replicability",25
502,"no COI","pro","study",6
502,"no COI","pro","authors",6
502,"no COI","pro","journal",6
502,"no COI","pro","company",6
502,"no COI","pro","replicability",40
503,"no COI","pro","study",6
503,"no COI","pro","authors",5
503,"no COI","pro","journal",6
503,"no COI","pro","company",5
503,"no COI","pro","replicability",50
504,"no COI","pro","study",5
504,"no COI","pro","authors",6
504,"no COI","pro","journal",6
504,"no COI","pro","company",5
504,"no COI","pro","replicability",80
505,"COI","pro","study",6
505,"COI","pro","authors",6
505,"COI","pro","journal",6
505,"COI","pro","company",6
505,"COI","pro","replicability",90
506,"COI","con","study",5
506,"COI","con","authors",5
506,"COI","con","journal",5
506,"COI","con","company",5
506,"COI","con","replicability",80
507,"COI","con","study",3
507,"COI","con","authors",5
507,"COI","con","journal",5
507,"COI","con","company",4
507,"COI","con","replicability",65
508,"no COI","con","study",6
508,"no COI","con","authors",5
508,"no COI","con","journal",6
508,"no COI","con","company",4
508,"no COI","con","replicability",80
509,"COI","pro","study",5
509,"COI","pro","authors",6
509,"COI","pro","journal",6
509,"COI","pro","company",3
509,"COI","pro","replicability",65
510,"COI","con","study",5
510,"COI","con","authors",6
510,"COI","con","journal",5
510,"COI","con","company",4
510,"COI","con","replicability",99
511,"no COI","pro","study",5
511,"no COI","pro","authors",5
511,"no COI","pro","journal",5
511,"no COI","pro","company",5
511,"no COI","pro","replicability",75
512,"no COI","con","study",5
512,"no COI","con","authors",5
512,"no COI","con","journal",5
512,"no COI","con","company",4
512,"no COI","con","replicability",50
513,"no COI","pro","study",5
513,"no COI","pro","authors",5
513,"no COI","pro","journal",5
513,"no COI","pro","company",5
513,"no COI","pro","replicability",65
514,"no COI","pro","study",5
514,"no COI","pro","authors",5
514,"no COI","pro","journal",6
514,"no COI","pro","company",5
514,"no COI","pro","replicability",70
515,"no COI","con","study",7
515,"no COI","con","authors",7
515,"no COI","con","journal",7
515,"no COI","con","company",7
515,"no COI","con","replicability",90
516,"COI","pro","study",5
516,"COI","pro","authors",5
516,"COI","pro","journal",5
516,"COI","pro","company",5
516,"COI","pro","replicability",80
517,"COI","pro","study",3
517,"COI","pro","authors",3
517,"COI","pro","journal",4
517,"COI","pro","company",3
517,"COI","pro","replicability",40
518,"no COI","con","study",4
518,"no COI","con","authors",4
518,"no COI","con","journal",4
518,"no COI","con","company",4
518,"no COI","con","replicability",80
519,"COI","pro","study",3
519,"COI","pro","authors",3
519,"COI","pro","journal",4
519,"COI","pro","company",4
519,"COI","pro","replicability",60
520,"no COI","pro","study",4
520,"no COI","pro","authors",4
520,"no COI","pro","journal",4
520,"no COI","pro","company",4
520,"no COI","pro","replicability",50
521,"no COI","con","study",6
521,"no COI","con","authors",6
521,"no COI","con","journal",6
521,"no COI","con","company",6
521,"no COI","con","replicability",70
522,"no COI","pro","study",4
522,"no COI","pro","authors",4
522,"no COI","pro","journal",4
522,"no COI","pro","company",4
522,"no COI","pro","replicability",50
523,"COI","con","study",5
523,"COI","con","authors",5
523,"COI","con","journal",6
523,"COI","con","company",3
523,"COI","con","replicability",70
524,"COI","pro","study",2
524,"COI","pro","authors",2
524,"COI","pro","journal",3
524,"COI","pro","company",2
524,"COI","pro","replicability",30
525,"no COI","con","study",7
525,"no COI","con","authors",6
525,"no COI","con","journal",6
525,"no COI","con","company",7
525,"no COI","con","replicability",80
526,"COI","con","study",4
526,"COI","con","authors",4
526,"COI","con","journal",4
526,"COI","con","company",4
526,"COI","con","replicability",50
527,"no COI","pro","study",5
527,"no COI","pro","authors",7
527,"no COI","pro","journal",7
527,"no COI","pro","company",6
527,"no COI","pro","replicability",65
528,"no COI","con","study",6
528,"no COI","con","authors",6
528,"no COI","con","journal",6
528,"no COI","con","company",6
528,"no COI","con","replicability",80
529,"COI","con","study",6
529,"COI","con","authors",6
529,"COI","con","journal",6
529,"COI","con","company",4
529,"COI","con","replicability",85
530,"COI","con","study",5
530,"COI","con","authors",6
530,"COI","con","journal",6
530,"COI","con","company",4
530,"COI","con","replicability",60
531,"COI","con","study",6
531,"COI","con","authors",6
531,"COI","con","journal",6
531,"COI","con","company",6
531,"COI","con","replicability",100
532,"no COI","pro","study",6
532,"no COI","pro","authors",6
532,"no COI","pro","journal",6
532,"no COI","pro","company",5
532,"no COI","pro","replicability",75
533,"no COI","con","study",4
533,"no COI","con","authors",5
533,"no COI","con","journal",5
533,"no COI","con","company",5
533,"no COI","con","replicability",50
534,"COI","pro","study",3
534,"COI","pro","authors",5
534,"COI","pro","journal",4
534,"COI","pro","company",3
534,"COI","pro","replicability",65
535,"COI","pro","study",5
535,"COI","pro","authors",5
535,"COI","pro","journal",5
535,"COI","pro","company",5
535,"COI","pro","replicability",48
536,"COI","con","study",5
536,"COI","con","authors",5
536,"COI","con","journal",5
536,"COI","con","company",5
536,"COI","con","replicability",70
537,"COI","con","study",5
537,"COI","con","authors",5
537,"COI","con","journal",5
537,"COI","con","company",4
537,"COI","con","replicability",20
538,"no COI","pro","study",2
538,"no COI","pro","authors",4
538,"no COI","pro","journal",4
538,"no COI","pro","company",4
538,"no COI","pro","replicability",10
539,"no COI","pro","study",5
539,"no COI","pro","authors",5
539,"no COI","pro","journal",5
539,"no COI","pro","company",5
539,"no COI","pro","replicability",85
540,"no COI","con","study",6
540,"no COI","con","authors",5
540,"no COI","con","journal",6
540,"no COI","con","company",4
540,"no COI","con","replicability",60
541,"COI","con","study",6
541,"COI","con","authors",6
541,"COI","con","journal",6
541,"COI","con","company",4
541,"COI","con","replicability",60
542,"no COI","pro","study",5
542,"no COI","pro","authors",5
542,"no COI","pro","journal",5
542,"no COI","pro","company",4
542,"no COI","pro","replicability",70
543,"no COI","pro","study",6
543,"no COI","pro","authors",6
543,"no COI","pro","journal",6
543,"no COI","pro","company",6
543,"no COI","pro","replicability",90
544,"no COI","con","study",6
544,"no COI","con","authors",7
544,"no COI","con","journal",4
544,"no COI","con","company",6
544,"no COI","con","replicability",99
545,"COI","pro","study",3
545,"COI","pro","authors",3
545,"COI","pro","journal",4
545,"COI","pro","company",4
545,"COI","pro","replicability",45
546,"COI","pro","study",3
546,"COI","pro","authors",3
546,"COI","pro","journal",4
546,"COI","pro","company",4
546,"COI","pro","replicability",50
547,"COI","con","study",4
547,"COI","con","authors",4
547,"COI","con","journal",4
547,"COI","con","company",4
547,"COI","con","replicability",70
548,"COI","pro","study",3
548,"COI","pro","authors",5
548,"COI","pro","journal",5
548,"COI","pro","company",3
548,"COI","pro","replicability",40
549,"COI","con","study",2
549,"COI","con","authors",3
549,"COI","con","journal",5
549,"COI","con","company",4
549,"COI","con","replicability",50
550,"no COI","pro","study",6
550,"no COI","pro","authors",6
550,"no COI","pro","journal",6
550,"no COI","pro","company",6
550,"no COI","pro","replicability",90
551,"no COI","con","study",6
551,"no COI","con","authors",6
551,"no COI","con","journal",6
551,"no COI","con","company",5
551,"no COI","con","replicability",75
552,"no COI","pro","study",6
552,"no COI","pro","authors",4
552,"no COI","pro","journal",5
552,"no COI","pro","company",4
552,"no COI","pro","replicability",85
553,"no COI","con","study",5
553,"no COI","con","authors",7
553,"no COI","con","journal",7
553,"no COI","con","company",6
553,"no COI","con","replicability",80
554,"no COI","con","study",6
554,"no COI","con","authors",7
554,"no COI","con","journal",7
554,"no COI","con","company",5
554,"no COI","con","replicability",90
555,"COI","pro","study",5
555,"COI","pro","authors",5
555,"COI","pro","journal",5
555,"COI","pro","company",5
555,"COI","pro","replicability",50
556,"COI","pro","study",2
556,"COI","pro","authors",2
556,"COI","pro","journal",3
556,"COI","pro","company",2
556,"COI","pro","replicability",50
557,"COI","pro","study",6
557,"COI","pro","authors",6
557,"COI","pro","journal",6
557,"COI","pro","company",6
557,"COI","pro","replicability",80
558,"COI","con","study",5
558,"COI","con","authors",5
558,"COI","con","journal",5
558,"COI","con","company",4
558,"COI","con","replicability",70
559,"no COI","con","study",5
559,"no COI","con","authors",5
559,"no COI","con","journal",5
559,"no COI","con","company",5
559,"no COI","con","replicability",80
560,"COI","con","study",6
560,"COI","con","authors",6
560,"COI","con","journal",7
560,"COI","con","company",5
560,"COI","con","replicability",75
561,"COI","pro","study",4
561,"COI","pro","authors",4
561,"COI","pro","journal",4
561,"COI","pro","company",4
561,"COI","pro","replicability",50
562,"no COI","pro","study",5
562,"no COI","pro","authors",5
562,"no COI","pro","journal",5
562,"no COI","pro","company",5
562,"no COI","pro","replicability",70
563,"no COI","pro","study",5
563,"no COI","pro","authors",5
563,"no COI","pro","journal",5
563,"no COI","pro","company",5
563,"no COI","pro","replicability",90
564,"COI","con","study",5
564,"COI","con","authors",4
564,"COI","con","journal",4
564,"COI","con","company",4
564,"COI","con","replicability",75
565,"COI","pro","study",5
565,"COI","pro","authors",5
565,"COI","pro","journal",6
565,"COI","pro","company",5
565,"COI","pro","replicability",60
566,"no COI","con","study",7
566,"no COI","con","authors",7
566,"no COI","con","journal",7
566,"no COI","con","company",4
566,"no COI","con","replicability",95
567,"COI","con","study",1
567,"COI","con","authors",5
567,"COI","con","journal",3
567,"COI","con","company",3
567,"COI","con","replicability",50
568,"COI","pro","study",6
568,"COI","pro","authors",6
568,"COI","pro","journal",7
568,"COI","pro","company",6
568,"COI","pro","replicability",80
569,"COI","con","study",5
569,"COI","con","authors",5
569,"COI","con","journal",5
569,"COI","con","company",5
569,"COI","con","replicability",50
570,"no COI","con","study",4
570,"no COI","con","authors",5
570,"no COI","con","journal",5
570,"no COI","con","company",5
570,"no COI","con","replicability",60
571,"no COI","pro","study",6
571,"no COI","pro","authors",6
571,"no COI","pro","journal",6
571,"no COI","pro","company",5
571,"no COI","pro","replicability",85
572,"no COI","con","study",4
572,"no COI","con","authors",4
572,"no COI","con","journal",4
572,"no COI","con","company",4
572,"no COI","con","replicability",50
573,"no COI","con","study",5
573,"no COI","con","authors",4
573,"no COI","con","journal",4
573,"no COI","con","company",4
573,"no COI","con","replicability",50
574,"COI","pro","study",5
574,"COI","pro","authors",5
574,"COI","pro","journal",6
574,"COI","pro","company",5
574,"COI","pro","replicability",85
575,"COI","pro","study",5
575,"COI","pro","authors",6
575,"COI","pro","journal",6
575,"COI","pro","company",4
575,"COI","pro","replicability",67
576,"COI","con","study",5
576,"COI","con","authors",5
576,"COI","con","journal",6
576,"COI","con","company",5
576,"COI","con","replicability",50
577,"no COI","pro","study",6
577,"no COI","pro","authors",6
577,"no COI","pro","journal",6
577,"no COI","pro","company",6
577,"no COI","pro","replicability",80
578,"COI","pro","study",3
578,"COI","pro","authors",4
578,"COI","pro","journal",4
578,"COI","pro","company",4
578,"COI","pro","replicability",75
579,"no COI","pro","study",5
579,"no COI","pro","authors",5
579,"no COI","pro","journal",5
579,"no COI","pro","company",4
579,"no COI","pro","replicability",50
580,"COI","con","study",5
580,"COI","con","authors",5
580,"COI","con","journal",5
580,"COI","con","company",5
580,"COI","con","replicability",75
581,"no COI","con","study",5
581,"no COI","con","authors",6
581,"no COI","con","journal",5
581,"no COI","con","company",5
581,"no COI","con","replicability",70
582,"no COI","con","study",6
582,"no COI","con","authors",6
582,"no COI","con","journal",6
582,"no COI","con","company",5
582,"no COI","con","replicability",75
583,"no COI","con","study",4
583,"no COI","con","authors",5
583,"no COI","con","journal",4
583,"no COI","con","company",5
583,"no COI","con","replicability",50
584,"no COI","pro","study",4
584,"no COI","pro","authors",4
584,"no COI","pro","journal",4
584,"no COI","pro","company",4
584,"no COI","pro","replicability",30
585,"no COI","pro","study",4
585,"no COI","pro","authors",4
585,"no COI","pro","journal",5
585,"no COI","pro","company",4
585,"no COI","pro","replicability",60
586,"COI","pro","study",6
586,"COI","pro","authors",6
586,"COI","pro","journal",6
586,"COI","pro","company",6
586,"COI","pro","replicability",99
587,"COI","con","study",5
587,"COI","con","authors",5
587,"COI","con","journal",5
587,"COI","con","company",4
587,"COI","con","replicability",65
588,"COI","con","study",2
588,"COI","con","authors",5
588,"COI","con","journal",5
588,"COI","con","company",3
588,"COI","con","replicability",50
589,"no COI","con","study",5
589,"no COI","con","authors",5
589,"no COI","con","journal",5
589,"no COI","con","company",5
589,"no COI","con","replicability",70
590,"COI","pro","study",5
590,"COI","pro","authors",6
590,"COI","pro","journal",6
590,"COI","pro","company",4
590,"COI","pro","replicability",67
591,"no COI","pro","study",6
591,"no COI","pro","authors",6
591,"no COI","pro","journal",5
591,"no COI","pro","company",6
591,"no COI","pro","replicability",90
592,"no COI","con","study",6
592,"no COI","con","authors",7
592,"no COI","con","journal",6
592,"no COI","con","company",4
592,"no COI","con","replicability",50
593,"COI","con","study",4
593,"COI","con","authors",4
593,"COI","con","journal",4
593,"COI","con","company",7
593,"COI","con","replicability",50
594,"no COI","pro","study",7
594,"no COI","pro","authors",7
594,"no COI","pro","journal",7
594,"no COI","pro","company",7
594,"no COI","pro","replicability",100
595,"COI","pro","study",1
595,"COI","pro","authors",2
595,"COI","pro","journal",4
595,"COI","pro","company",4
595,"COI","pro","replicability",60
596,"COI","con","study",5
596,"COI","con","authors",4
596,"COI","con","journal",4
596,"COI","con","company",5
596,"COI","con","replicability",75
597,"no COI","pro","study",7
597,"no COI","pro","authors",7
597,"no COI","pro","journal",6
597,"no COI","pro","company",6
597,"no COI","pro","replicability",95
598,"no COI","con","study",6
598,"no COI","con","authors",6
598,"no COI","con","journal",5
598,"no COI","con","company",5
598,"no COI","con","replicability",70
599,"no COI","pro","study",5
599,"no COI","pro","authors",5
599,"no COI","pro","journal",5
599,"no COI","pro","company",5
599,"no COI","pro","replicability",90
600,"no COI","pro","study",4
600,"no COI","pro","authors",5
600,"no COI","pro","journal",5
600,"no COI","pro","company",5
600,"no COI","pro","replicability",60
601,"no COI","con","study",6
601,"no COI","con","authors",6
601,"no COI","con","journal",6
601,"no COI","con","company",4
601,"no COI","con","replicability",80
602,"no COI","pro","study",5
602,"no COI","pro","authors",5
602,"no COI","pro","journal",6
602,"no COI","pro","company",6
602,"no COI","pro","replicability",50
603,"COI","pro","study",4
603,"COI","pro","authors",5
603,"COI","pro","journal",5
603,"COI","pro","company",3
603,"COI","pro","replicability",42
604,"no COI","pro","study",5
604,"no COI","pro","authors",5
604,"no COI","pro","journal",5
604,"no COI","pro","company",5
604,"no COI","pro","replicability",50
605,"no COI","pro","study",5
605,"no COI","pro","authors",5
605,"no COI","pro","journal",5
605,"no COI","pro","company",5
605,"no COI","pro","replicability",90
606,"no COI","pro","study",5
606,"no COI","pro","authors",5
606,"no COI","pro","journal",5
606,"no COI","pro","company",5
606,"no COI","pro","replicability",70
607,"no COI","con","study",5
607,"no COI","con","authors",5
607,"no COI","con","journal",5
607,"no COI","con","company",4
607,"no COI","con","replicability",60
608,"COI","con","study",5
608,"COI","con","authors",5
608,"COI","con","journal",5
608,"COI","con","company",4
608,"COI","con","replicability",60
609,"COI","pro","study",2
609,"COI","pro","authors",2
609,"COI","pro","journal",4
609,"COI","pro","company",4
609,"COI","pro","replicability",25
610,"no COI","con","study",4
610,"no COI","con","authors",5
610,"no COI","con","journal",5
610,"no COI","con","company",3
610,"no COI","con","replicability",50
611,"COI","con","study",4
611,"COI","con","authors",4
611,"COI","con","journal",4
611,"COI","con","company",4
611,"COI","con","replicability",50
612,"COI","pro","study",5
612,"COI","pro","authors",5
612,"COI","pro","journal",5
612,"COI","pro","company",5
612,"COI","pro","replicability",65
613,"COI","pro","study",4
613,"COI","pro","authors",4
613,"COI","pro","journal",4
613,"COI","pro","company",4
613,"COI","pro","replicability",50
614,"no COI","pro","study",6
614,"no COI","pro","authors",6
614,"no COI","pro","journal",6
614,"no COI","pro","company",4
614,"no COI","pro","replicability",50
615,"COI","pro","study",6
615,"COI","pro","authors",6
615,"COI","pro","journal",6
615,"COI","pro","company",6
615,"COI","pro","replicability",95
616,"no COI","pro","study",3
616,"no COI","pro","authors",3
616,"no COI","pro","journal",3
616,"no COI","pro","company",2
616,"no COI","pro","replicability",55
617,"COI","con","study",6
617,"COI","con","authors",6
617,"COI","con","journal",6
617,"COI","con","company",6
617,"COI","con","replicability",90
618,"no COI","con","study",6
618,"no COI","con","authors",6
618,"no COI","con","journal",6
618,"no COI","con","company",6
618,"no COI","con","replicability",85
619,"no COI","pro","study",4
619,"no COI","pro","authors",5
619,"no COI","pro","journal",6
619,"no COI","pro","company",4
619,"no COI","pro","replicability",60
620,"no COI","con","study",6
620,"no COI","con","authors",6
620,"no COI","con","journal",6
620,"no COI","con","company",3
620,"no COI","con","replicability",50
621,"no COI","con","study",5
621,"no COI","con","authors",5
621,"no COI","con","journal",5
621,"no COI","con","company",3
621,"no COI","con","replicability",60
622,"COI","con","study",7
622,"COI","con","authors",7
622,"COI","con","journal",7
622,"COI","con","company",7
622,"COI","con","replicability",75
623,"no COI","pro","study",6
623,"no COI","pro","authors",6
623,"no COI","pro","journal",6
623,"no COI","pro","company",6
623,"no COI","pro","replicability",70
624,"COI","pro","study",5
624,"COI","pro","authors",4
624,"COI","pro","journal",5
624,"COI","pro","company",5
624,"COI","pro","replicability",70
625,"COI","con","study",6
625,"COI","con","authors",6
625,"COI","con","journal",6
625,"COI","con","company",4
625,"COI","con","replicability",95
626,"no COI","con","study",6
626,"no COI","con","authors",6
626,"no COI","con","journal",5
626,"no COI","con","company",6
626,"no COI","con","replicability",75
627,"COI","pro","study",5
627,"COI","pro","authors",5
627,"COI","pro","journal",6
627,"COI","pro","company",5
627,"COI","pro","replicability",65
628,"COI","con","study",6
628,"COI","con","authors",6
628,"COI","con","journal",5
628,"COI","con","company",5
628,"COI","con","replicability",80
629,"COI","con","study",6
629,"COI","con","authors",6
629,"COI","con","journal",6
629,"COI","con","company",6
629,"COI","con","replicability",70
630,"no COI","con","study",4
630,"no COI","con","authors",4
630,"no COI","con","journal",4
630,"no COI","con","company",4
630,"no COI","con","replicability",10
631,"COI","pro","study",5
631,"COI","pro","authors",5
631,"COI","pro","journal",6
631,"COI","pro","company",5
631,"COI","pro","replicability",70
632,"COI","pro","study",2
632,"COI","pro","authors",3
632,"COI","pro","journal",3
632,"COI","pro","company",2
632,"COI","pro","replicability",40
633,"COI","con","study",6
633,"COI","con","authors",6
633,"COI","con","journal",6
633,"COI","con","company",6
633,"COI","con","replicability",100
634,"no COI","con","study",4
634,"no COI","con","authors",4
634,"no COI","con","journal",4
634,"no COI","con","company",4
634,"no COI","con","replicability",75
635,"COI","con","study",6
635,"COI","con","authors",6
635,"COI","con","journal",5
635,"COI","con","company",5
635,"COI","con","replicability",95
636,"no COI","con","study",5
636,"no COI","con","authors",6
636,"no COI","con","journal",6
636,"no COI","con","company",4
636,"no COI","con","replicability",50
637,"no COI","pro","study",4
637,"no COI","pro","authors",4
637,"no COI","pro","journal",4
637,"no COI","pro","company",4
637,"no COI","pro","replicability",65
638,"no COI","con","study",3
638,"no COI","con","authors",4
638,"no COI","con","journal",3
638,"no COI","con","company",4
638,"no COI","con","replicability",70
639,"no COI","pro","study",5
639,"no COI","pro","authors",6
639,"no COI","pro","journal",6
639,"no COI","pro","company",6
639,"no COI","pro","replicability",80
640,"no COI","con","study",5
640,"no COI","con","authors",5
640,"no COI","con","journal",5
640,"no COI","con","company",4
640,"no COI","con","replicability",80
641,"no COI","con","study",6
641,"no COI","con","authors",6
641,"no COI","con","journal",6
641,"no COI","con","company",6
641,"no COI","con","replicability",80
642,"COI","pro","study",3
642,"COI","pro","authors",4
642,"COI","pro","journal",4
642,"COI","pro","company",3
642,"COI","pro","replicability",20
643,"COI","con","study",5
643,"COI","con","authors",5
643,"COI","con","journal",4
643,"COI","con","company",5
643,"COI","con","replicability",80
644,"no COI","con","study",5
644,"no COI","con","authors",5
644,"no COI","con","journal",6
644,"no COI","con","company",5
644,"no COI","con","replicability",80
645,"no COI","pro","study",5
645,"no COI","pro","authors",5
645,"no COI","pro","journal",6
645,"no COI","pro","company",4
645,"no COI","pro","replicability",75
646,"no COI","pro","study",6
646,"no COI","pro","authors",6
646,"no COI","pro","journal",6
646,"no COI","pro","company",6
646,"no COI","pro","replicability",90
647,"COI","con","study",5
647,"COI","con","authors",5
647,"COI","con","journal",5
647,"COI","con","company",5
647,"COI","con","replicability",30
648,"COI","con","study",6
648,"COI","con","authors",6
648,"COI","con","journal",6
648,"COI","con","company",5
648,"COI","con","replicability",99
649,"COI","con","study",5
649,"COI","con","authors",5
649,"COI","con","journal",4
649,"COI","con","company",4
649,"COI","con","replicability",95
650,"no COI","con","study",5
650,"no COI","con","authors",5
650,"no COI","con","journal",5
650,"no COI","con","company",5
650,"no COI","con","replicability",55
651,"COI","con","study",5
651,"COI","con","authors",5
651,"COI","con","journal",6
651,"COI","con","company",5
651,"COI","con","replicability",90
652,"no COI","con","study",5
652,"no COI","con","authors",5
652,"no COI","con","journal",5
652,"no COI","con","company",5
652,"no COI","con","replicability",45
653,"no COI","con","study",6
653,"no COI","con","authors",7
653,"no COI","con","journal",7
653,"no COI","con","company",6
653,"no COI","con","replicability",90
654,"COI","pro","study",5
654,"COI","pro","authors",5
654,"COI","pro","journal",5
654,"COI","pro","company",5
654,"COI","pro","replicability",70
655,"COI","pro","study",6
655,"COI","pro","authors",6
655,"COI","pro","journal",6
655,"COI","pro","company",6
655,"COI","pro","replicability",70
656,"COI","pro","study",2
656,"COI","pro","authors",4
656,"COI","pro","journal",4
656,"COI","pro","company",4
656,"COI","pro","replicability",50
657,"COI","pro","study",5
657,"COI","pro","authors",5
657,"COI","pro","journal",6
657,"COI","pro","company",4
657,"COI","pro","replicability",80
658,"COI","con","study",5
658,"COI","con","authors",6
658,"COI","con","journal",6
658,"COI","con","company",6
658,"COI","con","replicability",80
659,"no COI","pro","study",5
659,"no COI","pro","authors",6
659,"no COI","pro","journal",6
659,"no COI","pro","company",6
659,"no COI","pro","replicability",80
660,"no COI","pro","study",5
660,"no COI","pro","authors",5
660,"no COI","pro","journal",5
660,"no COI","pro","company",5
660,"no COI","pro","replicability",70
661,"COI","con","study",6
661,"COI","con","authors",6
661,"COI","con","journal",6
661,"COI","con","company",6
661,"COI","con","replicability",85
662,"no COI","pro","study",5
662,"no COI","pro","authors",5
662,"no COI","pro","journal",6
662,"no COI","pro","company",5
662,"no COI","pro","replicability",80
663,"no COI","con","study",6
663,"no COI","con","authors",7
663,"no COI","con","journal",7
663,"no COI","con","company",7
663,"no COI","con","replicability",88
664,"no COI","con","study",5
664,"no COI","con","authors",4
664,"no COI","con","journal",5
664,"no COI","con","company",4
664,"no COI","con","replicability",85
665,"COI","pro","study",5
665,"COI","pro","authors",5
665,"COI","pro","journal",5
665,"COI","pro","company",4
665,"COI","pro","replicability",50
666,"no COI","pro","study",6
666,"no COI","pro","authors",6
666,"no COI","pro","journal",6
666,"no COI","pro","company",5
666,"no COI","pro","replicability",90
667,"COI","pro","study",6
667,"COI","pro","authors",5
667,"COI","pro","journal",6
667,"COI","pro","company",4
667,"COI","pro","replicability",80
668,"COI","pro","study",3
668,"COI","pro","authors",5
668,"COI","pro","journal",5
668,"COI","pro","company",5
668,"COI","pro","replicability",60
669,"COI","pro","study",5
669,"COI","pro","authors",5
669,"COI","pro","journal",5
669,"COI","pro","company",5
669,"COI","pro","replicability",75
670,"no COI","con","study",5
670,"no COI","con","authors",4
670,"no COI","con","journal",5
670,"no COI","con","company",4
670,"no COI","con","replicability",70
671,"no COI","con","study",6
671,"no COI","con","authors",6
671,"no COI","con","journal",6
671,"no COI","con","company",2
671,"no COI","con","replicability",85
672,"COI","con","study",6
672,"COI","con","authors",6
672,"COI","con","journal",6
672,"COI","con","company",4
672,"COI","con","replicability",75
673,"COI","con","study",6
673,"COI","con","authors",6
673,"COI","con","journal",6
673,"COI","con","company",6
673,"COI","con","replicability",100
674,"no COI","pro","study",5
674,"no COI","pro","authors",6
674,"no COI","pro","journal",3
674,"no COI","pro","company",6
674,"no COI","pro","replicability",85
675,"no COI","pro","study",5
675,"no COI","pro","authors",4
675,"no COI","pro","journal",4
675,"no COI","pro","company",5
675,"no COI","pro","replicability",70
676,"no COI","pro","study",6
676,"no COI","pro","authors",6
676,"no COI","pro","journal",6
676,"no COI","pro","company",6
676,"no COI","pro","replicability",75
677,"no COI","pro","study",6
677,"no COI","pro","authors",6
677,"no COI","pro","journal",6
677,"no COI","pro","company",6
677,"no COI","pro","replicability",80
678,"COI","con","study",6
678,"COI","con","authors",6
678,"COI","con","journal",7
678,"COI","con","company",6
678,"COI","con","replicability",80
679,"COI","con","study",6
679,"COI","con","authors",6
679,"COI","con","journal",7
679,"COI","con","company",5
679,"COI","con","replicability",60
680,"COI","con","study",3
680,"COI","con","authors",5
680,"COI","con","journal",5
680,"COI","con","company",5
680,"COI","con","replicability",70
681,"COI","con","study",4
681,"COI","con","authors",4
681,"COI","con","journal",4
681,"COI","con","company",4
681,"COI","con","replicability",50
682,"COI","pro","study",4
682,"COI","pro","authors",3
682,"COI","pro","journal",6
682,"COI","pro","company",3
682,"COI","pro","replicability",60
683,"COI","pro","study",5
683,"COI","pro","authors",5
683,"COI","pro","journal",6
683,"COI","pro","company",4
683,"COI","pro","replicability",95
684,"COI","pro","study",6
684,"COI","pro","authors",6
684,"COI","pro","journal",6
684,"COI","pro","company",6
684,"COI","pro","replicability",100
685,"COI","pro","study",6
685,"COI","pro","authors",6
685,"COI","pro","journal",6
685,"COI","pro","company",6
685,"COI","pro","replicability",75
686,"no COI","pro","study",3
686,"no COI","pro","authors",3
686,"no COI","pro","journal",4
686,"no COI","pro","company",4
686,"no COI","pro","replicability",10
687,"COI","pro","study",4
687,"COI","pro","authors",4
687,"COI","pro","journal",6
687,"COI","pro","company",4
687,"COI","pro","replicability",70
688,"no COI","con","study",6
688,"no COI","con","authors",6
688,"no COI","con","journal",6
688,"no COI","con","company",6
688,"no COI","con","replicability",90
689,"no COI","pro","study",6
689,"no COI","pro","authors",6
689,"no COI","pro","journal",6
689,"no COI","pro","company",6
689,"no COI","pro","replicability",75
690,"COI","pro","study",4
690,"COI","pro","authors",4
690,"COI","pro","journal",4
690,"COI","pro","company",4
690,"COI","pro","replicability",50
691,"no COI","con","study",6
691,"no COI","con","authors",6
691,"no COI","con","journal",7
691,"no COI","con","company",5
691,"no COI","con","replicability",70
692,"COI","con","study",6
692,"COI","con","authors",6
692,"COI","con","journal",6
692,"COI","con","company",6
692,"COI","con","replicability",75
693,"no COI","con","study",6
693,"no COI","con","authors",6
693,"no COI","con","journal",6
693,"no COI","con","company",6
693,"no COI","con","replicability",87
694,"COI","con","study",3
694,"COI","con","authors",5
694,"COI","con","journal",5
694,"COI","con","company",5
694,"COI","con","replicability",50
695,"no COI","con","study",6
695,"no COI","con","authors",6
695,"no COI","con","journal",6
695,"no COI","con","company",6
695,"no COI","con","replicability",80
696,"no COI","con","study",5
696,"no COI","con","authors",5
696,"no COI","con","journal",5
696,"no COI","con","company",5
696,"no COI","con","replicability",80
697,"no COI","pro","study",5
697,"no COI","pro","authors",5
697,"no COI","pro","journal",5
697,"no COI","pro","company",5
697,"no COI","pro","replicability",70
698,"COI","pro","study",4
698,"COI","pro","authors",5
698,"COI","pro","journal",4
698,"COI","pro","company",5
698,"COI","pro","replicability",65
699,"COI","con","study",4
699,"COI","con","authors",5
699,"COI","con","journal",4
699,"COI","con","company",4
699,"COI","con","replicability",55
700,"no COI","pro","study",5
700,"no COI","pro","authors",5
700,"no COI","pro","journal",5
700,"no COI","pro","company",5
700,"no COI","pro","replicability",60
701,"COI","con","study",5
701,"COI","con","authors",5
701,"COI","con","journal",5
701,"COI","con","company",5
701,"COI","con","replicability",75
702,"COI","pro","study",5
702,"COI","pro","authors",5
702,"COI","pro","journal",5
702,"COI","pro","company",5
702,"COI","pro","replicability",75
703,"COI","con","study",4
703,"COI","con","authors",5
703,"COI","con","journal",4
703,"COI","con","company",4
703,"COI","con","replicability",20
704,"COI","pro","study",3
704,"COI","pro","authors",3
704,"COI","pro","journal",3
704,"COI","pro","company",3
704,"COI","pro","replicability",50
705,"no COI","pro","study",5
705,"no COI","pro","authors",5
705,"no COI","pro","journal",5
705,"no COI","pro","company",4
705,"no COI","pro","replicability",72
706,"no COI","pro","study",4
706,"no COI","pro","authors",4
706,"no COI","pro","journal",4
706,"no COI","pro","company",4
706,"no COI","pro","replicability",50
707,"no COI","pro","study",6
707,"no COI","pro","authors",6
707,"no COI","pro","journal",6
707,"no COI","pro","company",6
707,"no COI","pro","replicability",75
708,"COI","pro","study",3
708,"COI","pro","authors",3
708,"COI","pro","journal",4
708,"COI","pro","company",3
708,"COI","pro","replicability",60
709,"no COI","pro","study",7
709,"no COI","pro","authors",7
709,"no COI","pro","journal",7
709,"no COI","pro","company",7
709,"no COI","pro","replicability",90
710,"COI","con","study",6
710,"COI","con","authors",7
710,"COI","con","journal",7
710,"COI","con","company",7
710,"COI","con","replicability",80
711,"COI","pro","study",3
711,"COI","pro","authors",4
711,"COI","pro","journal",4
711,"COI","pro","company",4
711,"COI","pro","replicability",30
712,"no COI","pro","study",3
712,"no COI","pro","authors",3
712,"no COI","pro","journal",4
712,"no COI","pro","company",3
712,"no COI","pro","replicability",50
713,"COI","pro","study",6
713,"COI","pro","authors",6
713,"COI","pro","journal",6
713,"COI","pro","company",6
713,"COI","pro","replicability",80
714,"COI","con","study",6
714,"COI","con","authors",5
714,"COI","con","journal",5
714,"COI","con","company",4
714,"COI","con","replicability",80
715,"COI","con","study",6
715,"COI","con","authors",6
715,"COI","con","journal",5
715,"COI","con","company",4
715,"COI","con","replicability",70
716,"no COI","con","study",6
716,"no COI","con","authors",6
716,"no COI","con","journal",6
716,"no COI","con","company",6
716,"no COI","con","replicability",80
717,"COI","pro","study",3
717,"COI","pro","authors",4
717,"COI","pro","journal",5
717,"COI","pro","company",4
717,"COI","pro","replicability",50
718,"COI","pro","study",3
718,"COI","pro","authors",4
718,"COI","pro","journal",4
718,"COI","pro","company",4
718,"COI","pro","replicability",50
719,"COI","con","study",5
719,"COI","con","authors",6
719,"COI","con","journal",6
719,"COI","con","company",5
719,"COI","con","replicability",60
720,"COI","con","study",6
720,"COI","con","authors",6
720,"COI","con","journal",6
720,"COI","con","company",6
720,"COI","con","replicability",90
721,"COI","pro","study",2
721,"COI","pro","authors",4
721,"COI","pro","journal",6
721,"COI","pro","company",3
721,"COI","pro","replicability",65
722,"no COI","con","study",6
722,"no COI","con","authors",6
722,"no COI","con","journal",6
722,"no COI","con","company",4
722,"no COI","con","replicability",80
723,"no COI","pro","study",6
723,"no COI","pro","authors",6
723,"no COI","pro","journal",6
723,"no COI","pro","company",6
723,"no COI","pro","replicability",80
724,"no COI","con","study",5
724,"no COI","con","authors",5
724,"no COI","con","journal",5
724,"no COI","con","company",5
724,"no COI","con","replicability",70
725,"no COI","con","study",3
725,"no COI","con","authors",4
725,"no COI","con","journal",5
725,"no COI","con","company",5
725,"no COI","con","replicability",50
726,"COI","con","study",5
726,"COI","con","authors",5
726,"COI","con","journal",6
726,"COI","con","company",5
726,"COI","con","replicability",80
727,"COI","pro","study",5
727,"COI","pro","authors",5
727,"COI","pro","journal",5
727,"COI","pro","company",4
727,"COI","pro","replicability",70
728,"no COI","con","study",5
728,"no COI","con","authors",5
728,"no COI","con","journal",5
728,"no COI","con","company",5
728,"no COI","con","replicability",70
729,"COI","pro","study",3
729,"COI","pro","authors",4
729,"COI","pro","journal",6
729,"COI","pro","company",4
729,"COI","pro","replicability",75
730,"no COI","con","study",5
730,"no COI","con","authors",4
730,"no COI","con","journal",4
730,"no COI","con","company",4
730,"no COI","con","replicability",65
731,"COI","con","study",5
731,"COI","con","authors",5
731,"COI","con","journal",5
731,"COI","con","company",5
731,"COI","con","replicability",80
732,"no COI","pro","study",7
732,"no COI","pro","authors",7
732,"no COI","pro","journal",7
732,"no COI","pro","company",7
732,"no COI","pro","replicability",99
733,"no COI","con","study",5
733,"no COI","con","authors",5
733,"no COI","con","journal",5
733,"no COI","con","company",5
733,"no COI","con","replicability",50
734,"COI","pro","study",5
734,"COI","pro","authors",5
734,"COI","pro","journal",5
734,"COI","pro","company",5
734,"COI","pro","replicability",80
735,"COI","con","study",5
735,"COI","con","authors",5
735,"COI","con","journal",5
735,"COI","con","company",4
735,"COI","con","replicability",65
736,"COI","pro","study",3
736,"COI","pro","authors",3
736,"COI","pro","journal",5
736,"COI","pro","company",3
736,"COI","pro","replicability",60
737,"COI","pro","study",4
737,"COI","pro","authors",4
737,"COI","pro","journal",5
737,"COI","pro","company",4
737,"COI","pro","replicability",60
738,"no COI","pro","study",4
738,"no COI","pro","authors",4
738,"no COI","pro","journal",4
738,"no COI","pro","company",4
738,"no COI","pro","replicability",50
739,"COI","con","study",7
739,"COI","con","authors",6
739,"COI","con","journal",6
739,"COI","con","company",7
739,"COI","con","replicability",100
740,"no COI","con","study",5
740,"no COI","con","authors",5
740,"no COI","con","journal",6
740,"no COI","con","company",5
740,"no COI","con","replicability",75
741,"no COI","con","study",6
741,"no COI","con","authors",6
741,"no COI","con","journal",6
741,"no COI","con","company",6
741,"no COI","con","replicability",80
742,"COI","pro","study",5
742,"COI","pro","authors",5
742,"COI","pro","journal",6
742,"COI","pro","company",5
742,"COI","pro","replicability",85
743,"no COI","pro","study",5
743,"no COI","pro","authors",5
743,"no COI","pro","journal",6
743,"no COI","pro","company",5
743,"no COI","pro","replicability",90
744,"COI","con","study",6
744,"COI","con","authors",6
744,"COI","con","journal",6
744,"COI","con","company",6
744,"COI","con","replicability",80
745,"no COI","pro","study",5
745,"no COI","pro","authors",5
745,"no COI","pro","journal",4
745,"no COI","pro","company",4
745,"no COI","pro","replicability",65
746,"no COI","con","study",6
746,"no COI","con","authors",6
746,"no COI","con","journal",6
746,"no COI","con","company",7
746,"no COI","con","replicability",100
747,"COI","con","study",6
747,"COI","con","authors",6
747,"COI","con","journal",6
747,"COI","con","company",6
747,"COI","con","replicability",95
748,"COI","con","study",7
748,"COI","con","authors",7
748,"COI","con","journal",7
748,"COI","con","company",7
748,"COI","con","replicability",100
749,"no COI","con","study",6
749,"no COI","con","authors",6
749,"no COI","con","journal",6
749,"no COI","con","company",4
749,"no COI","con","replicability",80
750,"no COI","pro","study",6
750,"no COI","pro","authors",7
750,"no COI","pro","journal",7
750,"no COI","pro","company",5
750,"no COI","pro","replicability",60
751,"no COI","pro","study",4
751,"no COI","pro","authors",4
751,"no COI","pro","journal",5
751,"no COI","pro","company",5
751,"no COI","pro","replicability",50
752,"no COI","pro","study",4
752,"no COI","pro","authors",5
752,"no COI","pro","journal",5
752,"no COI","pro","company",5
752,"no COI","pro","replicability",50
753,"no COI","con","study",5
753,"no COI","con","authors",5
753,"no COI","con","journal",5
753,"no COI","con","company",5
753,"no COI","con","replicability",66
754,"no COI","pro","study",4
754,"no COI","pro","authors",5
754,"no COI","pro","journal",5
754,"no COI","pro","company",4
754,"no COI","pro","replicability",50
755,"no COI","con","study",6
755,"no COI","con","authors",6
755,"no COI","con","journal",6
755,"no COI","con","company",3
755,"no COI","con","replicability",75
756,"COI","pro","study",3
756,"COI","pro","authors",2
756,"COI","pro","journal",2
756,"COI","pro","company",2
756,"COI","pro","replicability",40
757,"COI","con","study",5
757,"COI","con","authors",5
757,"COI","con","journal",5
757,"COI","con","company",5
757,"COI","con","replicability",75
758,"COI","pro","study",6
758,"COI","pro","authors",6
758,"COI","pro","journal",7
758,"COI","pro","company",6
758,"COI","pro","replicability",80
759,"no COI","con","study",4
759,"no COI","con","authors",6
759,"no COI","con","journal",4
759,"no COI","con","company",4
759,"no COI","con","replicability",60
760,"COI","pro","study",4
760,"COI","pro","authors",4
760,"COI","pro","journal",4
760,"COI","pro","company",4
760,"COI","pro","replicability",80
761,"COI","pro","study",6
761,"COI","pro","authors",6
761,"COI","pro","journal",6
761,"COI","pro","company",6
761,"COI","pro","replicability",75
762,"no COI","con","study",5
762,"no COI","con","authors",6
762,"no COI","con","journal",6
762,"no COI","con","company",4
762,"no COI","con","replicability",50
763,"no COI","pro","study",6
763,"no COI","pro","authors",6
763,"no COI","pro","journal",6
763,"no COI","pro","company",6
763,"no COI","pro","replicability",90
764,"no COI","con","study",4
764,"no COI","con","authors",5
764,"no COI","con","journal",5
764,"no COI","con","company",4
764,"no COI","con","replicability",95
765,"COI","con","study",7
765,"COI","con","authors",6
765,"COI","con","journal",7
765,"COI","con","company",4
765,"COI","con","replicability",100
766,"COI","pro","study",3
766,"COI","pro","authors",3
766,"COI","pro","journal",4
766,"COI","pro","company",3
766,"COI","pro","replicability",40
767,"COI","con","study",5
767,"COI","con","authors",6
767,"COI","con","journal",5
767,"COI","con","company",3
767,"COI","con","replicability",70
768,"COI","con","study",7
768,"COI","con","authors",7
768,"COI","con","journal",7
768,"COI","con","company",2
768,"COI","con","replicability",90
769,"COI","pro","study",6
769,"COI","pro","authors",6
769,"COI","pro","journal",5
769,"COI","pro","company",6
769,"COI","pro","replicability",85
770,"no COI","pro","study",5
770,"no COI","pro","authors",4
770,"no COI","pro","journal",4
770,"no COI","pro","company",4
770,"no COI","pro","replicability",50
771,"COI","con","study",5
771,"COI","con","authors",5
771,"COI","con","journal",6
771,"COI","con","company",5
771,"COI","con","replicability",75
772,"COI","con","study",6
772,"COI","con","authors",5
772,"COI","con","journal",4
772,"COI","con","company",3
772,"COI","con","replicability",40
773,"no COI","pro","study",5
773,"no COI","pro","authors",5
773,"no COI","pro","journal",5
773,"no COI","pro","company",4
773,"no COI","pro","replicability",65
774,"no COI","con","study",5
774,"no COI","con","authors",4
774,"no COI","con","journal",5
774,"no COI","con","company",6
774,"no COI","con","replicability",65
775,"no COI","con","study",5
775,"no COI","con","authors",5
775,"no COI","con","journal",6
775,"no COI","con","company",5
775,"no COI","con","replicability",90
776,"no COI","pro","study",6
776,"no COI","pro","authors",7
776,"no COI","pro","journal",7
776,"no COI","pro","company",7
776,"no COI","pro","replicability",90
777,"no COI","pro","study",5
777,"no COI","pro","authors",5
777,"no COI","pro","journal",4
777,"no COI","pro","company",4
777,"no COI","pro","replicability",0
778,"COI","con","study",6
778,"COI","con","authors",7
778,"COI","con","journal",6
778,"COI","con","company",4
778,"COI","con","replicability",80
779,"COI","con","study",5
779,"COI","con","authors",5
779,"COI","con","journal",6
779,"COI","con","company",4
779,"COI","con","replicability",75
780,"COI","pro","study",4
780,"COI","pro","authors",5
780,"COI","pro","journal",5
780,"COI","pro","company",4
780,"COI","pro","replicability",75
781,"COI","con","study",2
781,"COI","con","authors",2
781,"COI","con","journal",2
781,"COI","con","company",1
781,"COI","con","replicability",10
782,"no COI","con","study",5
782,"no COI","con","authors",5
782,"no COI","con","journal",5
782,"no COI","con","company",3
782,"no COI","con","replicability",70
783,"no COI","pro","study",5
783,"no COI","pro","authors",5
783,"no COI","pro","journal",6
783,"no COI","pro","company",5
783,"no COI","pro","replicability",50
784,"no COI","con","study",6
784,"no COI","con","authors",6
784,"no COI","con","journal",6
784,"no COI","con","company",6
784,"no COI","con","replicability",30
785,"no COI","pro","study",5
785,"no COI","pro","authors",5
785,"no COI","pro","journal",6
785,"no COI","pro","company",5
785,"no COI","pro","replicability",60
786,"COI","pro","study",4
786,"COI","pro","authors",4
786,"COI","pro","journal",4
786,"COI","pro","company",4
786,"COI","pro","replicability",20
787,"no COI","pro","study",5
787,"no COI","pro","authors",5
787,"no COI","pro","journal",5
787,"no COI","pro","company",5
787,"no COI","pro","replicability",80
788,"COI","pro","study",5
788,"COI","pro","authors",6
788,"COI","pro","journal",7
788,"COI","pro","company",5
788,"COI","pro","replicability",100
789,"no COI","con","study",5
789,"no COI","con","authors",4
789,"no COI","con","journal",5
789,"no COI","con","company",4
789,"no COI","con","replicability",70
790,"no COI","pro","study",5
790,"no COI","pro","authors",5
790,"no COI","pro","journal",4
790,"no COI","pro","company",5
790,"no COI","pro","replicability",60
791,"COI","con","study",7
791,"COI","con","authors",7
791,"COI","con","journal",7
791,"COI","con","company",5
791,"COI","con","replicability",50
